No,분류,분류,분류,분류,2020년,2020년,2020년,2021년,2021년,2021년
No,분류,분류,분류,분류,발생량,발생량,발생량,발생량,발생량,발생량
No,분류,분류,분류,분류,톤/년,톤/년,%,톤/년,톤/년,%
No,분류,분류,분류,분류,원자료,전기대비증감,전기대비증감률,원자료,전기대비증감,전기대비증감률
1,전국,합계,합계,합계,"17,303,386.4",0,0,"16,751,314.6","-552,071.8",-3.2
2,전국,종량제방식 등 혼합배출,소계,소계,"8,041,965.2",0,0,"8,147,806.3","105,841.1",1.3
3,전국,종량제방식 등 혼합배출,가연성,소계,"6,929,046.9",0,0,"6,927,858.2","-1,188.7",0
4,전국,종량제방식 등 혼합배출,가연성,폐지류,"1,829,611.5",0,0,"1,873,452.9","43,841.4",2.4
5,전국,종량제방식 등 혼합배출,가연성,폐합성수지류,"1,706,740.2",0,0,"1,750,968.8","44,228.6",2.6
6,전국,종량제방식 등 혼합배출,가연성,폐고무류,"145,010.4",0,0,"107,296.2","-37,714.2",-26
7,전국,종량제방식 등 혼합배출,가연성,폐섬유류,"370,664.1",0,0,"396,048.7","25,384.6",6.8
8,전국,종량제방식 등 혼합배출,가연성,음식물류 폐기물,"481,839.1",0,0,"523,535.9","41,696.8",8.7
9,전국,종량제방식 등 혼합배출,가연성,폐목재류,"415,212.3",0,0,"446,902","31,689.7",7.6
10,전국,종량제방식 등 혼합배출,가연성,기타,"1,979,969.3",0,0,"1,829,653.7","-150,315.6",-7.6
11,전국,종량제방식 등 혼합배출,불연성,소계,"852,504.4",0,0,"959,725.8","107,221.4",12.6
12,전국,종량제방식 등 혼합배출,불연성,폐금속류,"160,829.8",0,0,"178,206.8","17,377",10.8
13,전국,종량제방식 등 혼합배출,불연성,폐유리류,"226,757.3",0,0,"239,808.8","13,051.5",5.8
14,전국,종량제방식 등 혼합배출,불연성,폐토사류,"65,799.6",0,0,"76,362.8","10,563.2",16.1
15,전국,종량제방식 등 혼합배출,불연성,폐타일 및 도자기류,"50,142.9",0,0,"46,498.7","-3,644.2",-7.3
16,전국,종량제방식 등 혼합배출,불연성,연탄재,"44,568",0,0,"39,982.8","-4,585.2",-10.3
17,전국,종량제방식 등 혼합배출,불연성,기타,"304,406.8",0,0,"378,865.9","74,459.1",24.5
18,전국,종량제방식 등 혼합배출,건설폐재류,건설폐재류(공사장생활폐기물),"182,655.6",0,0,"195,182.5","12,526.9",6.9
19,전국,종량제방식 등 혼합배출,기타(배출불명등),기타(배출불명등),"77,758.3",0,0,"65,039.8","-12,718.5",-16.4
20,전국,재활용 가능자원 분리배출,소계,소계,"4,591,042.2",0,0,"4,127,950.4","-463,091.8",-10.1
21,전국,재활용 가능자원 분리배출,폐지류,종이팩,"56,003.2",0,0,"16,534.5","-39,468.7",-70.5
22,전국,재활용 가능자원 분리배출,폐지류,기타,"1,336,800.9",0,0,"1,245,134.8","-91,666.1",-6.9
23,전국,재활용 가능자원 분리배출,고철류,고철류,"265,888.3",0,0,"146,660.1","-119,228.2",-44.8
24,전국,재활용 가능자원 분리배출,금속캔,금속캔,"133,279.8",0,0,"92,120.9","-41,158.9",-30.9
25,전국,재활용 가능자원 분리배출,폐합성수지류,비닐류,"446,161.1",0,0,"439,615.7","-6,545.4",-1.5
26,전국,재활용 가능자원 분리배출,폐합성수지류,발포수지류,"74,814.9",0,0,"62,222.9","-12,592",-16.8
27,전국,재활용 가능자원 분리배출,폐합성수지류,PET병,"219,142.9",0,0,"185,719","-33,423.9",-15.3
28,전국,재활용 가능자원 분리배출,폐합성수지류,기타,"418,641.9",0,0,"471,651.9","53,010",12.7
29,전국,재활용 가능자원 분리배출,폐고무류,폐고무류,"9,404.2",0,0,"6,282.1","-3,122.1",-33.2
30,전국,재활용 가능자원 분리배출,폐유리병류,폐유리병류,"291,541.4",0,0,"282,434.9","-9,106.5",-3.1
31,전국,재활용 가능자원 분리배출,폐의류,폐의류,"82,422.7",0,0,"118,386.3","35,963.6",43.6
32,전국,재활용 가능자원 분리배출,폐섬유류,폐섬유류,"27,083.2",0,0,"15,655.6","-11,427.6",-42.2
33,전국,재활용 가능자원 분리배출,조명폐기물,조명폐기물,"7,420.9",0,0,"6,296.6","-1,124.3",-15.2
34,전국,재활용 가능자원 분리배출,폐전지류,폐전지류,"42,327.2",0,0,"4,432.8","-37,894.4",-89.5
35,전국,재활용 가능자원 분리배출,영농폐기물,농약용기류,"3,070.9",0,0,"5,194.4","2,123.5",69.1
36,전국,재활용 가능자원 분리배출,영농폐기물,폐비닐,"166,927.2",0,0,"202,424.1","35,496.9",21.3
37,전국,재활용 가능자원 분리배출,폐식용유,폐식용유,"2,955.1",0,0,"3,220.3",265.2,9
38,전국,재활용 가능자원 분리배출,폐전기전자제품,폐전기전자제품,"74,814.2",0,0,"85,933.3","11,119.1",14.9
39,전국,재활용 가능자원 분리배출,폐가구류,폐가구류,"153,300.4",0,0,"111,983.7","-41,316.7",-27
40,전국,재활용 가능자원 분리배출,기타,기타,"134,134",0,0,"66,060","-68,074",-50.8
41,전국,재활용 가능자원 분리배출,재활용 잔재물,재활용 잔재물,"644,907.8",0,0,"559,986.5","-84,921.3",-13.2
42,전국,음식물류 폐기물 분리배출,음식물류 폐기물 분리배출,음식물류 폐기물 분리배출,"4,670,379",0,0,"4,475,557.9","-194,821.1",-4.2
43,서울,합계,합계,합계,"3,177,620",0,0,"2,899,182.3","-278,437.7",-8.8
44,서울,종량제방식 등 혼합배출,소계,소계,"1,180,049.4",0,0,"1,162,846.9","-17,202.5",-1.5
45,서울,종량제방식 등 혼합배출,가연성,소계,"1,083,297.3",0,0,"1,085,897.4","2,600.1",0.2
46,서울,종량제방식 등 혼합배출,가연성,폐지류,"317,827.8",0,0,"339,570.4","21,742.6",6.8
47,서울,종량제방식 등 혼합배출,가연성,폐합성수지류,"251,587.1",0,0,"248,002.5","-3,584.6",-1.4
48,서울,종량제방식 등 혼합배출,가연성,폐고무류,"14,989",0,0,"6,244.3","-8,744.7",-58.3
49,서울,종량제방식 등 혼합배출,가연성,폐섬유류,"28,651.3",0,0,"21,642","-7,009.3",-24.5
50,서울,종량제방식 등 혼합배출,가연성,음식물류 폐기물,"40,255.9",0,0,"26,089.2","-14,166.7",-35.2
51,서울,종량제방식 등 혼합배출,가연성,폐목재류,"60,996.1",0,0,"45,361.7","-15,634.4",-25.6
52,서울,종량제방식 등 혼합배출,가연성,기타,"368,990.1",0,0,"398,987.3","29,997.2",8.1
53,서울,종량제방식 등 혼합배출,불연성,소계,"83,342",0,0,"68,560.2","-14,781.8",-17.7
54,서울,종량제방식 등 혼합배출,불연성,폐금속류,"11,095.4",0,0,"10,603.8",-491.6,-4.4
55,서울,종량제방식 등 혼합배출,불연성,폐유리류,"19,656.6",0,0,"21,011.1","1,354.5",6.9
56,서울,종량제방식 등 혼합배출,불연성,폐토사류,"4,688.1",0,0,"3,998.2",-689.9,-14.7
57,서울,종량제방식 등 혼합배출,불연성,폐타일 및 도자기류,"4,364.6",0,0,"4,797.5",432.9,9.9
58,서울,종량제방식 등 혼합배출,불연성,연탄재,"1,600.5",0,0,20.5,"-1,580",-98.7
59,서울,종량제방식 등 혼합배출,불연성,기타,"41,936.8",0,0,"28,129.1","-13,807.7",-32.9
60,서울,종량제방식 등 혼합배출,건설폐재류,건설폐재류(공사장생활폐기물),"4,258.4",0,0,"8,328.9","4,070.5",95.6
61,서울,종량제방식 등 혼합배출,기타(배출불명등),기타(배출불명등),"9,151.7",0,0,60.4,"-9,091.3",-99.3
62,서울,재활용 가능자원 분리배출,소계,소계,"1,135,338.5",0,0,"900,880.7","-234,457.8",-20.7
63,서울,재활용 가능자원 분리배출,폐지류,종이팩,"19,747.4",0,0,740.4,"-19,007",-96.3
64,서울,재활용 가능자원 분리배출,폐지류,기타,"370,052.3",0,0,"242,592.7","-127,459.6",-34.4
65,서울,재활용 가능자원 분리배출,고철류,고철류,"21,867.7",0,0,"11,393.4","-10,474.3",-47.9
66,서울,재활용 가능자원 분리배출,금속캔,금속캔,"27,334",0,0,"18,812.4","-8,521.6",-31.2
67,서울,재활용 가능자원 분리배출,폐합성수지류,비닐류,"151,453.5",0,0,"142,013.8","-9,439.7",-6.2
68,서울,재활용 가능자원 분리배출,폐합성수지류,발포수지류,"15,523.8",0,0,"15,494.8",-29,-0.2
69,서울,재활용 가능자원 분리배출,폐합성수지류,PET병,"47,306.7",0,0,"39,452.2","-7,854.5",-16.6
70,서울,재활용 가능자원 분리배출,폐합성수지류,기타,"127,978.7",0,0,"113,616.5","-14,362.2",-11.2
71,서울,재활용 가능자원 분리배출,폐고무류,폐고무류,18.5,0,0,22.2,3.7,20
72,서울,재활용 가능자원 분리배출,폐유리병류,폐유리병류,"81,383.2",0,0,"58,904","-22,479.2",-27.6
73,서울,재활용 가능자원 분리배출,폐의류,폐의류,"35,626.8",0,0,"25,852.4","-9,774.4",-27.4
74,서울,재활용 가능자원 분리배출,폐섬유류,폐섬유류,"11,270.1",0,0,"14,042.3","2,772.2",24.6
75,서울,재활용 가능자원 분리배출,조명폐기물,조명폐기물,"1,548.7",0,0,"1,536.8",-11.9,-0.8
76,서울,재활용 가능자원 분리배출,폐전지류,폐전지류,590.6,0,0,482.7,-107.9,-18.3
77,서울,재활용 가능자원 분리배출,영농폐기물,농약용기류,0,0,0,0.2,0,0
78,서울,재활용 가능자원 분리배출,영농폐기물,폐비닐,0,0,0,0,0,0
79,서울,재활용 가능자원 분리배출,폐식용유,폐식용유,"1,913.9",0,0,"2,061.1",147.2,7.7
80,서울,재활용 가능자원 분리배출,폐전기전자제품,폐전기전자제품,"6,957.7",0,0,"7,766.8",809.1,11.6
81,서울,재활용 가능자원 분리배출,폐가구류,폐가구류,"33,566.7",0,0,"15,784.3","-17,782.4",-53
82,서울,재활용 가능자원 분리배출,기타,기타,"14,109.5",0,0,"13,367.9",-741.6,-5.3
83,서울,재활용 가능자원 분리배출,재활용 잔재물,재활용 잔재물,"167,088.7",0,0,"176,943.8","9,855.1",5.9
84,서울,음식물류 폐기물 분리배출,음식물류 폐기물 분리배출,음식물류 폐기물 분리배출,"862,232.1",0,0,"835,454.7","-26,777.4",-3.1
85,부산,합계,합계,합계,"1,148,394.2",0,0,"786,487.3","-361,906.9",-31.5
86,부산,종량제방식 등 혼합배출,소계,소계,"335,144.3",0,0,"341,567.9","6,423.6",1.9
87,부산,종량제방식 등 혼합배출,가연성,소계,"303,896.8",0,0,"251,571.6","-52,325.2",-17.2
88,부산,종량제방식 등 혼합배출,가연성,폐지류,"96,493.1",0,0,"79,872.2","-16,620.9",-17.2
89,부산,종량제방식 등 혼합배출,가연성,폐합성수지류,"134,077.9",0,0,"106,400.3","-27,677.6",-20.6
90,부산,종량제방식 등 혼합배출,가연성,폐고무류,"31,030.3",0,0,489.2,"-30,541.1",-98.4
91,부산,종량제방식 등 혼합배출,가연성,폐섬유류,"13,117.6",0,0,"32,120.9","19,003.3",144.9
92,부산,종량제방식 등 혼합배출,가연성,음식물류 폐기물,"19,872.6",0,0,"25,065.3","5,192.7",26.1
93,부산,종량제방식 등 혼합배출,가연성,폐목재류,"5,986.6",0,0,"5,577.1",-409.5,-6.8
94,부산,종량제방식 등 혼합배출,가연성,기타,"3,318.7",0,0,"2,046.6","-1,272.1",-38.3
95,부산,종량제방식 등 혼합배출,불연성,소계,"31,247.5",0,0,"89,996.3","58,748.8",188
96,부산,종량제방식 등 혼합배출,불연성,폐금속류,"10,421.9",0,0,"5,666.1","-4,755.8",-45.6
97,부산,종량제방식 등 혼합배출,불연성,폐유리류,"8,238.5",0,0,"5,215.6","-3,022.9",-36.7
98,부산,종량제방식 등 혼합배출,불연성,폐토사류,309,0,0,0,-309,-100
99,부산,종량제방식 등 혼합배출,불연성,폐타일 및 도자기류,0,0,0,0,0,0
100,부산,종량제방식 등 혼합배출,불연성,연탄재,0,0,0,0,0,0
101,부산,종량제방식 등 혼합배출,불연성,기타,"12,278.1",0,0,"79,114.6","66,836.5",544.4
102,부산,종량제방식 등 혼합배출,건설폐재류,건설폐재류(공사장생활폐기물),0,0,0,0,0,0
103,부산,종량제방식 등 혼합배출,기타(배출불명등),기타(배출불명등),0,0,0,0,0,0
104,부산,재활용 가능자원 분리배출,소계,소계,"571,235.6",0,0,"232,079.2","-339,156.4",-59.4
105,부산,재활용 가능자원 분리배출,폐지류,종이팩,193,0,0,209.2,16.2,8.4
106,부산,재활용 가능자원 분리배출,폐지류,기타,"253,673.8",0,0,"84,844.9","-168,828.9",-66.6
107,부산,재활용 가능자원 분리배출,고철류,고철류,"39,731.6",0,0,"3,262.3","-36,469.3",-91.8
108,부산,재활용 가능자원 분리배출,금속캔,금속캔,"34,727.2",0,0,"5,405.5","-29,321.7",-84.4
109,부산,재활용 가능자원 분리배출,폐합성수지류,비닐류,"61,042.9",0,0,"26,639.7","-34,403.2",-56.4
110,부산,재활용 가능자원 분리배출,폐합성수지류,발포수지류,"7,588.3",0,0,"3,636","-3,952.3",-52.1
111,부산,재활용 가능자원 분리배출,폐합성수지류,PET병,"5,408.1",0,0,"4,400.2","-1,007.9",-18.6
112,부산,재활용 가능자원 분리배출,폐합성수지류,기타,"80,772.4",0,0,"53,981","-26,791.4",-33.2
113,부산,재활용 가능자원 분리배출,폐고무류,폐고무류,0,0,0,10.5,0,0
114,부산,재활용 가능자원 분리배출,폐유리병류,폐유리병류,"21,096.4",0,0,"25,364.2","4,267.8",20.2
115,부산,재활용 가능자원 분리배출,폐의류,폐의류,"9,854.5",0,0,"8,482.7","-1,371.8",-13.9
116,부산,재활용 가능자원 분리배출,폐섬유류,폐섬유류,0,0,0,0,0,0
117,부산,재활용 가능자원 분리배출,조명폐기물,조명폐기물,396.6,0,0,350.8,-45.8,-11.5
118,부산,재활용 가능자원 분리배출,폐전지류,폐전지류,249.5,0,0,307.2,57.7,23.1
119,부산,재활용 가능자원 분리배출,영농폐기물,농약용기류,5.2,0,0,10.6,5.4,103.8
120,부산,재활용 가능자원 분리배출,영농폐기물,폐비닐,234.2,0,0,283.3,49.1,21
121,부산,재활용 가능자원 분리배출,폐식용유,폐식용유,0,0,0,0,0,0
122,부산,재활용 가능자원 분리배출,폐전기전자제품,폐전기전자제품,"10,953.2",0,0,"11,092.3",139.1,1.3
123,부산,재활용 가능자원 분리배출,폐가구류,폐가구류,0,0,0,0,0,0
124,부산,재활용 가능자원 분리배출,기타,기타,"4,253.1",0,0,23.8,"-4,229.3",-99.4
125,부산,재활용 가능자원 분리배출,재활용 잔재물,재활용 잔재물,"41,055.6",0,0,"3,775","-37,280.6",-90.8
126,부산,음식물류 폐기물 분리배출,음식물류 폐기물 분리배출,음식물류 폐기물 분리배출,"242,014.3",0,0,"212,840.2","-29,174.1",-12.1
127,대구,합계,합계,합계,"938,049.8",0,0,"796,937.9","-141,111.9",-15
128,대구,종량제방식 등 혼합배출,소계,소계,"442,825.6",0,0,"439,318.3","-3,507.3",-0.8
129,대구,종량제방식 등 혼합배출,가연성,소계,"336,358.4",0,0,"339,127.7","2,769.3",0.8
130,대구,종량제방식 등 혼합배출,가연성,폐지류,"78,412.2",0,0,"75,899.8","-2,512.4",-3.2
131,대구,종량제방식 등 혼합배출,가연성,폐합성수지류,"70,208.7",0,0,"68,632.6","-1,576.1",-2.2
132,대구,종량제방식 등 혼합배출,가연성,폐고무류,"2,448.8",0,0,"2,298.2",-150.6,-6.1
133,대구,종량제방식 등 혼합배출,가연성,폐섬유류,"14,466.5",0,0,"16,528.1","2,061.6",14.3
134,대구,종량제방식 등 혼합배출,가연성,음식물류 폐기물,"20,727.4",0,0,"23,680.7","2,953.3",14.2
135,대구,종량제방식 등 혼합배출,가연성,폐목재류,"6,314.2",0,0,"6,459.4",145.2,2.3
136,대구,종량제방식 등 혼합배출,가연성,기타,"143,780.6",0,0,"145,628.9","1,848.3",1.3
137,대구,종량제방식 등 혼합배출,불연성,소계,"25,426.5",0,0,"25,780.1",353.6,1.4
138,대구,종량제방식 등 혼합배출,불연성,폐금속류,"5,643.9",0,0,"5,655.8",11.9,0.2
139,대구,종량제방식 등 혼합배출,불연성,폐유리류,"8,034.7",0,0,"7,954.9",-79.8,-1
140,대구,종량제방식 등 혼합배출,불연성,폐토사류,"1,119.8",0,0,"1,129.9",10.1,0.9
141,대구,종량제방식 등 혼합배출,불연성,폐타일 및 도자기류,606.4,0,0,692.8,86.4,14.2
142,대구,종량제방식 등 혼합배출,불연성,연탄재,30.5,0,0,35,4.5,14.8
143,대구,종량제방식 등 혼합배출,불연성,기타,"9,991.2",0,0,"10,311.7",320.5,3.2
144,대구,종량제방식 등 혼합배출,건설폐재류,건설폐재류(공사장생활폐기물),"81,040.7",0,0,"74,376.7","-6,664",-8.2
145,대구,종량제방식 등 혼합배출,기타(배출불명등),기타(배출불명등),0,0,0,33.8,0,0
146,대구,재활용 가능자원 분리배출,소계,소계,"275,334.8",0,0,"136,229.6","-139,105.2",-50.5
147,대구,재활용 가능자원 분리배출,폐지류,종이팩,"8,100",0,0,112.3,"-7,987.7",-98.6
148,대구,재활용 가능자원 분리배출,폐지류,기타,"58,553.8",0,0,"24,834.9","-33,718.9",-57.6
149,대구,재활용 가능자원 분리배출,고철류,고철류,"19,087.1",0,0,760.1,"-18,327",-96
150,대구,재활용 가능자원 분리배출,금속캔,금속캔,"11,163.4",0,0,"1,837.5","-9,325.9",-83.5
151,대구,재활용 가능자원 분리배출,폐합성수지류,비닐류,"22,461.1",0,0,"15,679.3","-6,781.8",-30.2
152,대구,재활용 가능자원 분리배출,폐합성수지류,발포수지류,"3,321.4",0,0,"2,052.1","-1,269.3",-38.2
153,대구,재활용 가능자원 분리배출,폐합성수지류,PET병,"20,979.6",0,0,"10,605.1","-10,374.5",-49.5
154,대구,재활용 가능자원 분리배출,폐합성수지류,기타,"15,824.6",0,0,"11,644.3","-4,180.3",-26.4
155,대구,재활용 가능자원 분리배출,폐고무류,폐고무류,3.8,0,0,0.4,-3.4,-89.5
156,대구,재활용 가능자원 분리배출,폐유리병류,폐유리병류,"29,065.6",0,0,"14,913","-14,152.6",-48.7
157,대구,재활용 가능자원 분리배출,폐의류,폐의류,"5,873",0,0,"2,457.3","-3,415.7",-58.2
158,대구,재활용 가능자원 분리배출,폐섬유류,폐섬유류,"7,358.4",0,0,40,"-7,318.4",-99.5
159,대구,재활용 가능자원 분리배출,조명폐기물,조명폐기물,195.4,0,0,336.6,141.2,72.3
160,대구,재활용 가능자원 분리배출,폐전지류,폐전지류,357.6,0,0,229,-128.6,-36
161,대구,재활용 가능자원 분리배출,영농폐기물,농약용기류,0,0,0,3,0,0
162,대구,재활용 가능자원 분리배출,영농폐기물,폐비닐,393.4,0,0,492.1,98.7,25.1
163,대구,재활용 가능자원 분리배출,폐식용유,폐식용유,614.4,0,0,802.5,188.1,30.6
164,대구,재활용 가능자원 분리배출,폐전기전자제품,폐전기전자제품,"5,612.9",0,0,"3,372.3","-2,240.6",-39.9
165,대구,재활용 가능자원 분리배출,폐가구류,폐가구류,"5,433.4",0,0,"11,022.9","5,589.5",102.9
166,대구,재활용 가능자원 분리배출,기타,기타,"7,039.1",0,0,"3,632.7","-3,406.4",-48.4
167,대구,재활용 가능자원 분리배출,재활용 잔재물,재활용 잔재물,"53,896.8",0,0,"31,402.2","-22,494.6",-41.7
168,대구,음식물류 폐기물 분리배출,음식물류 폐기물 분리배출,음식물류 폐기물 분리배출,"219,889.4",0,0,"221,390","1,500.6",0.7
169,인천,합계,합계,합계,"731,850.7",0,0,"843,308","111,457.3",15.2
170,인천,종량제방식 등 혼합배출,소계,소계,"368,460.1",0,0,"388,259.4","19,799.3",5.4
171,인천,종량제방식 등 혼합배출,가연성,소계,"340,755",0,0,"358,569.9","17,814.9",5.2
172,인천,종량제방식 등 혼합배출,가연성,폐지류,"79,839",0,0,"71,376.6","-8,462.4",-10.6
173,인천,종량제방식 등 혼합배출,가연성,폐합성수지류,"67,381.9",0,0,"68,765.5","1,383.6",2.1
174,인천,종량제방식 등 혼합배출,가연성,폐고무류,"2,263.1",0,0,"2,162.2",-100.9,-4.5
175,인천,종량제방식 등 혼합배출,가연성,폐섬유류,"16,090.2",0,0,"15,545.2",-545,-3.4
176,인천,종량제방식 등 혼합배출,가연성,음식물류 폐기물,"23,670.1",0,0,"22,406.3","-1,263.8",-5.3
177,인천,종량제방식 등 혼합배출,가연성,폐목재류,"16,846.3",0,0,"34,920.9","18,074.6",107.3
178,인천,종량제방식 등 혼합배출,가연성,기타,"134,664.4",0,0,"143,393.2","8,728.8",6.5
179,인천,종량제방식 등 혼합배출,불연성,소계,"27,166.9",0,0,"26,184.9",-982,-3.6
180,인천,종량제방식 등 혼합배출,불연성,폐금속류,"6,200.6",0,0,"5,318.6",-882,-14.2
181,인천,종량제방식 등 혼합배출,불연성,폐유리류,"7,043.2",0,0,"8,165.1","1,121.9",15.9
182,인천,종량제방식 등 혼합배출,불연성,폐토사류,"2,588.8",0,0,"1,255.9","-1,332.9",-51.5
183,인천,종량제방식 등 혼합배출,불연성,폐타일 및 도자기류,"1,112.3",0,0,"1,448.7",336.4,30.2
184,인천,종량제방식 등 혼합배출,불연성,연탄재,460.9,0,0,156.8,-304.1,-66
185,인천,종량제방식 등 혼합배출,불연성,기타,"9,761.1",0,0,"9,839.8",78.7,0.8
186,인천,종량제방식 등 혼합배출,건설폐재류,건설폐재류(공사장생활폐기물),198.8,0,0,604.4,405.6,204
187,인천,종량제방식 등 혼합배출,기타(배출불명등),기타(배출불명등),339.4,0,0,"2,900.2","2,560.8",754.5
188,인천,재활용 가능자원 분리배출,소계,소계,"134,786.1",0,0,"226,926.9","92,140.8",68.4
189,인천,재활용 가능자원 분리배출,폐지류,종이팩,135,0,0,280.4,145.4,107.7
190,인천,재활용 가능자원 분리배출,폐지류,기타,"32,662",0,0,"74,072.4","41,410.4",126.8
191,인천,재활용 가능자원 분리배출,고철류,고철류,"3,193.6",0,0,"6,294.9","3,101.3",97.1
192,인천,재활용 가능자원 분리배출,금속캔,금속캔,"3,879",0,0,"7,396.4","3,517.4",90.7
193,인천,재활용 가능자원 분리배출,폐합성수지류,비닐류,"31,589.5",0,0,"43,226.2","11,636.7",36.8
194,인천,재활용 가능자원 분리배출,폐합성수지류,발포수지류,"1,810.2",0,0,"3,625.6","1,815.4",100.3
195,인천,재활용 가능자원 분리배출,폐합성수지류,PET병,"3,558",0,0,"7,305.6","3,747.6",105.3
196,인천,재활용 가능자원 분리배출,폐합성수지류,기타,"11,412.8",0,0,"24,803.9","13,391.1",117.3
197,인천,재활용 가능자원 분리배출,폐고무류,폐고무류,0,0,0,0,0,0
198,인천,재활용 가능자원 분리배출,폐유리병류,폐유리병류,"10,169.9",0,0,"16,233.3","6,063.4",59.6
199,인천,재활용 가능자원 분리배출,폐의류,폐의류,"3,015.8",0,0,"7,541.1","4,525.3",150.1
200,인천,재활용 가능자원 분리배출,폐섬유류,폐섬유류,0,0,0,0,0,0
201,인천,재활용 가능자원 분리배출,조명폐기물,조명폐기물,315.3,0,0,336.5,21.2,6.7
202,인천,재활용 가능자원 분리배출,폐전지류,폐전지류,227.9,0,0,292.6,64.7,28.4
203,인천,재활용 가능자원 분리배출,영농폐기물,농약용기류,3.9,0,0,0,-3.9,-100
204,인천,재활용 가능자원 분리배출,영농폐기물,폐비닐,709.6,0,0,954.8,245.2,34.6
205,인천,재활용 가능자원 분리배출,폐식용유,폐식용유,0,0,0,0,0,0
206,인천,재활용 가능자원 분리배출,폐전기전자제품,폐전기전자제품,"3,571.2",0,0,"4,878.4","1,307.2",36.6
207,인천,재활용 가능자원 분리배출,폐가구류,폐가구류,700.8,0,0,800.3,99.5,14.2
208,인천,재활용 가능자원 분리배출,기타,기타,262.3,0,0,642.5,380.2,144.9
209,인천,재활용 가능자원 분리배출,재활용 잔재물,재활용 잔재물,"27,569.3",0,0,"28,242",672.7,2.4
210,인천,음식물류 폐기물 분리배출,음식물류 폐기물 분리배출,음식물류 폐기물 분리배출,"228,604.5",0,0,"228,121.7",-482.8,-0.2
211,광주,합계,합계,합계,"420,659.4",0,0,"486,488.7","65,829.3",15.6
212,광주,종량제방식 등 혼합배출,소계,소계,"202,193.3",0,0,"199,602.5","-2,590.8",-1.3
213,광주,종량제방식 등 혼합배출,가연성,소계,"175,214.4",0,0,"185,884.4","10,670",6.1
214,광주,종량제방식 등 혼합배출,가연성,폐지류,"31,505",0,0,"35,467.2","3,962.2",12.6
215,광주,종량제방식 등 혼합배출,가연성,폐합성수지류,"28,732.6",0,0,"32,021.4","3,288.8",11.4
216,광주,종량제방식 등 혼합배출,가연성,폐고무류,951.5,0,0,"1,072.1",120.6,12.7
217,광주,종량제방식 등 혼합배출,가연성,폐섬유류,"6,792.5",0,0,"7,709.6",917.1,13.5
218,광주,종량제방식 등 혼합배출,가연성,음식물류 폐기물,"9,743.5",0,0,"11,047.4","1,303.9",13.4
219,광주,종량제방식 등 혼합배출,가연성,폐목재류,"22,493.6",0,0,"15,087.8","-7,405.8",-32.9
220,광주,종량제방식 등 혼합배출,가연성,기타,"74,995.7",0,0,"83,478.9","8,483.2",11.3
221,광주,종량제방식 등 혼합배출,불연성,소계,"11,786.1",0,0,"13,718.1","1,932",16.4
222,광주,종량제방식 등 혼합배출,불연성,폐금속류,"2,926.5",0,0,"2,638.8",-287.7,-9.8
223,광주,종량제방식 등 혼합배출,불연성,폐유리류,"3,171",0,0,"3,711.2",540.2,17
224,광주,종량제방식 등 혼합배출,불연성,폐토사류,450.1,0,0,559,108.9,24.2
225,광주,종량제방식 등 혼합배출,불연성,폐타일 및 도자기류,268.8,0,0,322.9,54.1,20.1
226,광주,종량제방식 등 혼합배출,불연성,연탄재,45.9,0,0,15.2,-30.7,-66.9
227,광주,종량제방식 등 혼합배출,불연성,기타,"4,923.8",0,0,"6,471","1,547.2",31.4
228,광주,종량제방식 등 혼합배출,건설폐재류,건설폐재류(공사장생활폐기물),0,0,0,0,0,0
229,광주,종량제방식 등 혼합배출,기타(배출불명등),기타(배출불명등),"15,192.8",0,0,0,"-15,192.8",-100
230,광주,재활용 가능자원 분리배출,소계,소계,"56,822.2",0,0,"128,437.9","71,615.7",126
231,광주,재활용 가능자원 분리배출,폐지류,종이팩,84.7,0,0,231.1,146.4,172.8
232,광주,재활용 가능자원 분리배출,폐지류,기타,"6,164.9",0,0,"46,092.8","39,927.9",647.7
233,광주,재활용 가능자원 분리배출,고철류,고철류,236,0,0,"1,459.9","1,223.9",518.6
234,광주,재활용 가능자원 분리배출,금속캔,금속캔,509.9,0,0,"2,627","2,117.1",415.2
235,광주,재활용 가능자원 분리배출,폐합성수지류,비닐류,"10,400.6",0,0,"18,453.3","8,052.7",77.4
236,광주,재활용 가능자원 분리배출,폐합성수지류,발포수지류,"1,153.8",0,0,"1,997.9",844.1,73.2
237,광주,재활용 가능자원 분리배출,폐합성수지류,PET병,"9,004.6",0,0,"11,081.4","2,076.8",23.1
238,광주,재활용 가능자원 분리배출,폐합성수지류,기타,"2,291.1",0,0,"10,328","8,036.9",350.8
239,광주,재활용 가능자원 분리배출,폐고무류,폐고무류,0,0,0,0,0,0
240,광주,재활용 가능자원 분리배출,폐유리병류,폐유리병류,"5,779.8",0,0,"9,343.8","3,564",61.7
241,광주,재활용 가능자원 분리배출,폐의류,폐의류,137.2,0,0,"6,522.1","6,384.9","4,653.7"
242,광주,재활용 가능자원 분리배출,폐섬유류,폐섬유류,0,0,0,0,0,0
243,광주,재활용 가능자원 분리배출,조명폐기물,조명폐기물,161.3,0,0,172.6,11.3,7
244,광주,재활용 가능자원 분리배출,폐전지류,폐전지류,103,0,0,136.7,33.7,32.7
245,광주,재활용 가능자원 분리배출,영농폐기물,농약용기류,0.8,0,0,10.5,9.7,"1,212.5"
246,광주,재활용 가능자원 분리배출,영농폐기물,폐비닐,297.8,0,0,336.6,38.8,13
247,광주,재활용 가능자원 분리배출,폐식용유,폐식용유,0,0,0,0,0,0
248,광주,재활용 가능자원 분리배출,폐전기전자제품,폐전기전자제품,"1,452.8",0,0,"1,618.1",165.3,11.4
249,광주,재활용 가능자원 분리배출,폐가구류,폐가구류,0,0,0,0,0,0
250,광주,재활용 가능자원 분리배출,기타,기타,"4,029.7",0,0,"6,749.9","2,720.2",67.5
251,광주,재활용 가능자원 분리배출,재활용 잔재물,재활용 잔재물,"15,014.2",0,0,"11,276.2","-3,738",-24.9
252,광주,음식물류 폐기물 분리배출,음식물류 폐기물 분리배출,음식물류 폐기물 분리배출,"161,643.9",0,0,"158,448.3","-3,195.6",-2
253,대전,합계,합계,합계,"498,151.8",0,0,"502,289.3","4,137.5",0.8
254,대전,종량제방식 등 혼합배출,소계,소계,"233,028.3",0,0,"247,109.2","14,080.9",6
255,대전,종량제방식 등 혼합배출,가연성,소계,"208,689.1",0,0,"208,724.4",35.3,0
256,대전,종량제방식 등 혼합배출,가연성,폐지류,"45,629.8",0,0,"42,248.8","-3,381",-7.4
257,대전,종량제방식 등 혼합배출,가연성,폐합성수지류,"41,863",0,0,"38,206","-3,657",-8.7
258,대전,종량제방식 등 혼합배출,가연성,폐고무류,"1,693.9",0,0,"1,279.3",-414.6,-24.5
259,대전,종량제방식 등 혼합배출,가연성,폐섬유류,"9,879.7",0,0,"9,199.3",-680.4,-6.9
260,대전,종량제방식 등 혼합배출,가연성,음식물류 폐기물,"13,988.5",0,0,"13,180.7",-807.8,-5.8
261,대전,종량제방식 등 혼합배출,가연성,폐목재류,"8,453.5",0,0,"22,589","14,135.5",167.2
262,대전,종량제방식 등 혼합배출,가연성,기타,"87,180.7",0,0,"82,021.3","-5,159.4",-5.9
263,대전,종량제방식 등 혼합배출,불연성,소계,"16,409.4",0,0,"15,872.2",-537.2,-3.3
264,대전,종량제방식 등 혼합배출,불연성,폐금속류,"3,595.5",0,0,"3,323.5",-272,-7.6
265,대전,종량제방식 등 혼합배출,불연성,폐유리류,"4,754.6",0,0,"4,428.2",-326.4,-6.9
266,대전,종량제방식 등 혼합배출,불연성,폐토사류,767.4,0,0,627.8,-139.6,-18.2
267,대전,종량제방식 등 혼합배출,불연성,폐타일 및 도자기류,555.8,0,0,385.5,-170.3,-30.6
268,대전,종량제방식 등 혼합배출,불연성,연탄재,154.2,0,0,"1,361","1,206.8",782.6
269,대전,종량제방식 등 혼합배출,불연성,기타,"6,581.9",0,0,"5,746.2",-835.7,-12.7
270,대전,종량제방식 등 혼합배출,건설폐재류,건설폐재류(공사장생활폐기물),"6,531.7",0,0,"22,512.6","15,980.9",244.7
271,대전,종량제방식 등 혼합배출,기타(배출불명등),기타(배출불명등),"1,398.1",0,0,0,"-1,398.1",-100
272,대전,재활용 가능자원 분리배출,소계,소계,"109,915.3",0,0,"104,481.4","-5,433.9",-4.9
273,대전,재활용 가능자원 분리배출,폐지류,종이팩,231.3,0,0,87.4,-143.9,-62.2
274,대전,재활용 가능자원 분리배출,폐지류,기타,"27,072.2",0,0,"26,365.3",-706.9,-2.6
275,대전,재활용 가능자원 분리배출,고철류,고철류,"1,050.9",0,0,"1,635.6",584.7,55.6
276,대전,재활용 가능자원 분리배출,금속캔,금속캔,"3,212.4",0,0,"3,371.8",159.4,5
277,대전,재활용 가능자원 분리배출,폐합성수지류,비닐류,"16,992.2",0,0,"17,004.9",12.7,0.1
278,대전,재활용 가능자원 분리배출,폐합성수지류,발포수지류,"10,628.3",0,0,"2,193.8","-8,434.5",-79.4
279,대전,재활용 가능자원 분리배출,폐합성수지류,PET병,"3,727.4",0,0,"4,815.4","1,088",29.2
280,대전,재활용 가능자원 분리배출,폐합성수지류,기타,"11,638.6",0,0,"12,956.3","1,317.7",11.3
281,대전,재활용 가능자원 분리배출,폐고무류,폐고무류,0,0,0,0,0,0
282,대전,재활용 가능자원 분리배출,폐유리병류,폐유리병류,"7,445.5",0,0,"6,770.4",-675.1,-9.1
283,대전,재활용 가능자원 분리배출,폐의류,폐의류,"1,948",0,0,"2,263",315,16.2
284,대전,재활용 가능자원 분리배출,폐섬유류,폐섬유류,0,0,0,0,0,0
285,대전,재활용 가능자원 분리배출,조명폐기물,조명폐기물,254.1,0,0,220.6,-33.5,-13.2
286,대전,재활용 가능자원 분리배출,폐전지류,폐전지류,127.9,0,0,149.9,22,17.2
287,대전,재활용 가능자원 분리배출,영농폐기물,농약용기류,5.1,0,0,6.9,1.8,35.3
288,대전,재활용 가능자원 분리배출,영농폐기물,폐비닐,449.7,0,0,377.5,-72.2,-16.1
289,대전,재활용 가능자원 분리배출,폐식용유,폐식용유,0,0,0,0,0,0
290,대전,재활용 가능자원 분리배출,폐전기전자제품,폐전기전자제품,"2,668.5",0,0,359,"-2,309.5",-86.5
291,대전,재활용 가능자원 분리배출,폐가구류,폐가구류,0,0,0,0,0,0
292,대전,재활용 가능자원 분리배출,기타,기타,309.7,0,0,341.3,31.6,10.2
293,대전,재활용 가능자원 분리배출,재활용 잔재물,재활용 잔재물,"22,153.5",0,0,"25,562.3","3,408.8",15.4
294,대전,음식물류 폐기물 분리배출,음식물류 폐기물 분리배출,음식물류 폐기물 분리배출,"155,208.2",0,0,"150,698.7","-4,509.5",-2.9
295,울산,합계,합계,합계,"422,336.6",0,0,"368,680.6","-53,656",-12.7
296,울산,종량제방식 등 혼합배출,소계,소계,"198,641.1",0,0,"195,448.3","-3,192.8",-1.6
297,울산,종량제방식 등 혼합배출,가연성,소계,"147,605.8",0,0,"143,537.5","-4,068.3",-2.8
298,울산,종량제방식 등 혼합배출,가연성,폐지류,"31,744.8",0,0,"32,845.3","1,100.5",3.5
299,울산,종량제방식 등 혼합배출,가연성,폐합성수지류,"28,736.8",0,0,"28,830.2",93.4,0.3
300,울산,종량제방식 등 혼합배출,가연성,폐고무류,"1,036.6",0,0,"1,068.6",32,3.1
301,울산,종량제방식 등 혼합배출,가연성,폐섬유류,"7,026.5",0,0,"6,680.1",-346.4,-4.9
302,울산,종량제방식 등 혼합배출,가연성,음식물류 폐기물,"9,752.1",0,0,"9,346.7",-405.4,-4.2
303,울산,종량제방식 등 혼합배출,가연성,폐목재류,"4,264.3",0,0,"3,784.5",-479.8,-11.3
304,울산,종량제방식 등 혼합배출,가연성,기타,"65,044.7",0,0,"60,982.1","-4,062.6",-6.2
305,울산,종량제방식 등 혼합배출,불연성,소계,"26,017.5",0,0,"26,685.7",668.2,2.6
306,울산,종량제방식 등 혼합배출,불연성,폐금속류,"3,393.5",0,0,"3,454.6",61.1,1.8
307,울산,종량제방식 등 혼합배출,불연성,폐유리류,"4,937.2",0,0,"5,077.2",140,2.8
308,울산,종량제방식 등 혼합배출,불연성,폐토사류,"1,290.6",0,0,"1,436.2",145.6,11.3
309,울산,종량제방식 등 혼합배출,불연성,폐타일 및 도자기류,377,0,0,359.6,-17.4,-4.6
310,울산,종량제방식 등 혼합배출,불연성,연탄재,17.7,0,0,18.5,0.8,4.5
311,울산,종량제방식 등 혼합배출,불연성,기타,"16,001.5",0,0,"16,339.6",338.1,2.1
312,울산,종량제방식 등 혼합배출,건설폐재류,건설폐재류(공사장생활폐기물),"19,094.5",0,0,"19,650.2",555.7,2.9
313,울산,종량제방식 등 혼합배출,기타(배출불명등),기타(배출불명등),"5,923.3",0,0,"5,574.9",-348.4,-5.9
314,울산,재활용 가능자원 분리배출,소계,소계,"117,600",0,0,"72,676.8","-44,923.2",-38.2
315,울산,재활용 가능자원 분리배출,폐지류,종이팩,"2,796.4",0,0,164.9,"-2,631.5",-94.1
316,울산,재활용 가능자원 분리배출,폐지류,기타,"28,287.8",0,0,"29,157.6",869.8,3.1
317,울산,재활용 가능자원 분리배출,고철류,고철류,"17,810.5",0,0,"1,304.8","-16,505.7",-92.7
318,울산,재활용 가능자원 분리배출,금속캔,금속캔,"6,792.8",0,0,"1,475.6","-5,317.2",-78.3
319,울산,재활용 가능자원 분리배출,폐합성수지류,비닐류,"7,274.2",0,0,"6,455.5",-818.7,-11.3
320,울산,재활용 가능자원 분리배출,폐합성수지류,발포수지류,"2,966.7",0,0,764.1,"-2,202.6",-74.2
321,울산,재활용 가능자원 분리배출,폐합성수지류,PET병,"13,845.4",0,0,"3,253.7","-10,591.7",-76.5
322,울산,재활용 가능자원 분리배출,폐합성수지류,기타,"6,865",0,0,"6,166.1",-698.9,-10.2
323,울산,재활용 가능자원 분리배출,폐고무류,폐고무류,0,0,0,0,0,0
324,울산,재활용 가능자원 분리배출,폐유리병류,폐유리병류,"9,172",0,0,"5,490.1","-3,681.9",-40.1
325,울산,재활용 가능자원 분리배출,폐의류,폐의류,"1,606.8",0,0,"2,395.5",788.7,49.1
326,울산,재활용 가능자원 분리배출,폐섬유류,폐섬유류,216.9,0,0,0,-216.9,-100
327,울산,재활용 가능자원 분리배출,조명폐기물,조명폐기물,231.5,0,0,109.5,-122,-52.7
328,울산,재활용 가능자원 분리배출,폐전지류,폐전지류,79.3,0,0,93,13.7,17.3
329,울산,재활용 가능자원 분리배출,영농폐기물,농약용기류,9.8,0,0,7.9,-1.9,-19.4
330,울산,재활용 가능자원 분리배출,영농폐기물,폐비닐,843.3,0,0,709.3,-134,-15.9
331,울산,재활용 가능자원 분리배출,폐식용유,폐식용유,0,0,0,0,0,0
332,울산,재활용 가능자원 분리배출,폐전기전자제품,폐전기전자제품,"2,472",0,0,"4,722","2,250",91
333,울산,재활용 가능자원 분리배출,폐가구류,폐가구류,0,0,0,0,0,0
334,울산,재활용 가능자원 분리배출,기타,기타,"3,163.3",0,0,"1,340.2","-1,823.1",-57.6
335,울산,재활용 가능자원 분리배출,재활용 잔재물,재활용 잔재물,"13,166.3",0,0,"9,067","-4,099.3",-31.1
336,울산,음식물류 폐기물 분리배출,음식물류 폐기물 분리배출,음식물류 폐기물 분리배출,"106,095.5",0,0,"100,555.5","-5,540",-5.2
337,세종,합계,합계,합계,"117,891.2",0,0,"105,920","-11,971.2",-10.2
338,세종,종량제방식 등 혼합배출,소계,소계,"50,915.9",0,0,"60,679.4","9,763.5",19.2
339,세종,종량제방식 등 혼합배출,가연성,소계,"47,279.8",0,0,"56,346.8","9,067",19.2
340,세종,종량제방식 등 혼합배출,가연성,폐지류,"14,832.5",0,0,"17,675.9","2,843.4",19.2
341,세종,종량제방식 등 혼합배출,가연성,폐합성수지류,"11,513.7",0,0,"13,719.6","2,205.9",19.2
342,세종,종량제방식 등 혼합배출,가연성,폐고무류,692.8,0,0,631.1,-61.7,-8.9
343,세종,종량제방식 등 혼합배출,가연성,폐섬유류,"2,119.2",0,0,"2,524.2",405,19.1
344,세종,종량제방식 등 혼합배출,가연성,음식물류 폐기물,"2,818.7",0,0,"3,361.7",543,19.3
345,세종,종량제방식 등 혼합배출,가연성,폐목재류,"1,100.2",0,0,"1,310.6",210.4,19.1
346,세종,종량제방식 등 혼합배출,가연성,기타,"14,202.7",0,0,"17,123.7","2,921",20.6
347,세종,종량제방식 등 혼합배출,불연성,소계,"3,636.1",0,0,"4,332.6",696.5,19.2
348,세종,종량제방식 등 혼합배출,불연성,폐금속류,"1,022",0,0,"1,219.6",197.6,19.3
349,세종,종량제방식 등 혼합배출,불연성,폐유리류,"1,661.7",0,0,"1,978.2",316.5,19
350,세종,종량제방식 등 혼합배출,불연성,폐토사류,99.4,0,0,121.3,21.9,22
351,세종,종량제방식 등 혼합배출,불연성,폐타일 및 도자기류,68.1,0,0,78.9,10.8,15.9
352,세종,종량제방식 등 혼합배출,불연성,연탄재,377.3,0,0,412.7,35.4,9.4
353,세종,종량제방식 등 혼합배출,불연성,기타,407.6,0,0,521.9,114.3,28
354,세종,종량제방식 등 혼합배출,건설폐재류,건설폐재류(공사장생활폐기물),0,0,0,0,0,0
355,세종,종량제방식 등 혼합배출,기타(배출불명등),기타(배출불명등),0,0,0,0,0,0
356,세종,재활용 가능자원 분리배출,소계,소계,"51,293.6",0,0,"29,153","-22,140.6",-43.2
357,세종,재활용 가능자원 분리배출,폐지류,종이팩,441.3,0,0,130.1,-311.2,-70.5
358,세종,재활용 가능자원 분리배출,폐지류,기타,"11,379.6",0,0,"13,221.5","1,841.9",16.2
359,세종,재활용 가능자원 분리배출,고철류,고철류,"28,427.2",0,0,472,"-27,955.2",-98.3
360,세종,재활용 가능자원 분리배출,금속캔,금속캔,662,0,0,806.3,144.3,21.8
361,세종,재활용 가능자원 분리배출,폐합성수지류,비닐류,"1,521.3",0,0,"3,471.5","1,950.2",128.2
362,세종,재활용 가능자원 분리배출,폐합성수지류,발포수지류,398.2,0,0,463.5,65.3,16.4
363,세종,재활용 가능자원 분리배출,폐합성수지류,PET병,"1,363.6",0,0,"1,133",-230.6,-16.9
364,세종,재활용 가능자원 분리배출,폐합성수지류,기타,"1,743.5",0,0,"4,428.6","2,685.1",154
365,세종,재활용 가능자원 분리배출,폐고무류,폐고무류,36.7,0,0,0,-36.7,-100
366,세종,재활용 가능자원 분리배출,폐유리병류,폐유리병류,"3,062.8",0,0,"1,347.2","-1,715.6",-56
367,세종,재활용 가능자원 분리배출,폐의류,폐의류,0,0,0,"1,266.8",0,0
368,세종,재활용 가능자원 분리배출,폐섬유류,폐섬유류,110.1,0,0,0,-110.1,-100
369,세종,재활용 가능자원 분리배출,조명폐기물,조명폐기물,37,0,0,80,43,116.2
370,세종,재활용 가능자원 분리배출,폐전지류,폐전지류,22,0,0,45,23,104.5
371,세종,재활용 가능자원 분리배출,영농폐기물,농약용기류,19.6,0,0,20,0.4,2
372,세종,재활용 가능자원 분리배출,영농폐기물,폐비닐,396.2,0,0,556,159.8,40.3
373,세종,재활용 가능자원 분리배출,폐식용유,폐식용유,0,0,0,0,0,0
374,세종,재활용 가능자원 분리배출,폐전기전자제품,폐전기전자제품,732.9,0,0,658.9,-74,-10.1
375,세종,재활용 가능자원 분리배출,폐가구류,폐가구류,0,0,0,0,0,0
376,세종,재활용 가능자원 분리배출,기타,기타,70,0,0,106.6,36.6,52.3
377,세종,재활용 가능자원 분리배출,재활용 잔재물,재활용 잔재물,869.6,0,0,946,76.4,8.8
378,세종,음식물류 폐기물 분리배출,음식물류 폐기물 분리배출,음식물류 폐기물 분리배출,"15,681.7",0,0,"16,087.6",405.9,2.6
379,경기,합계,합계,합계,"3,901,516.4",0,0,"4,040,482.5","138,966.1",3.6
380,경기,종량제방식 등 혼합배출,소계,소계,"1,888,535.9",0,0,"1,942,369.9","53,834",2.9
381,경기,종량제방식 등 혼합배출,가연성,소계,"1,677,446.7",0,0,"1,702,865.9","25,419.2",1.5
382,경기,종량제방식 등 혼합배출,가연성,폐지류,"415,479.2",0,0,"412,249.7","-3,229.5",-0.8
383,경기,종량제방식 등 혼합배출,가연성,폐합성수지류,"421,970.4",0,0,"452,322.5","30,352.1",7.2
384,경기,종량제방식 등 혼합배출,가연성,폐고무류,"43,867.9",0,0,"43,774.3",-93.6,-0.2
385,경기,종량제방식 등 혼합배출,가연성,폐섬유류,"129,391.6",0,0,"121,167.4","-8,224.2",-6.4
386,경기,종량제방식 등 혼합배출,가연성,음식물류 폐기물,"142,527.4",0,0,"138,502.2","-4,025.2",-2.8
387,경기,종량제방식 등 혼합배출,가연성,폐목재류,"137,265.6",0,0,"137,770",504.4,0.4
388,경기,종량제방식 등 혼합배출,가연성,기타,"386,944.6",0,0,"397,079.8","10,135.2",2.6
389,경기,종량제방식 등 혼합배출,불연성,소계,"180,686.4",0,0,"193,958.4","13,272",7.3
390,경기,종량제방식 등 혼합배출,불연성,폐금속류,"35,741.4",0,0,"41,008.3","5,266.9",14.7
391,경기,종량제방식 등 혼합배출,불연성,폐유리류,"47,943.6",0,0,"48,440.8",497.2,1
392,경기,종량제방식 등 혼합배출,불연성,폐토사류,"18,145.7",0,0,"20,386.4","2,240.7",12.3
393,경기,종량제방식 등 혼합배출,불연성,폐타일 및 도자기류,"5,787.8",0,0,"5,615.5",-172.3,-3
394,경기,종량제방식 등 혼합배출,불연성,연탄재,"9,942",0,0,"7,956.9","-1,985.1",-20
395,경기,종량제방식 등 혼합배출,불연성,기타,"63,125.9",0,0,"70,550.5","7,424.6",11.8
396,경기,종량제방식 등 혼합배출,건설폐재류,건설폐재류(공사장생활폐기물),"18,186.3",0,0,"24,143.5","5,957.2",32.8
397,경기,종량제방식 등 혼합배출,기타(배출불명등),기타(배출불명등),"12,216.5",0,0,"21,402.1","9,185.6",75.2
398,경기,재활용 가능자원 분리배출,소계,소계,"861,287.4",0,0,"1,054,383.3","193,095.9",22.4
399,경기,재활용 가능자원 분리배출,폐지류,종이팩,"9,968.2",0,0,"1,688.3","-8,279.9",-83.1
400,경기,재활용 가능자원 분리배출,폐지류,기타,"201,047.6",0,0,"330,240.1","129,192.5",64.3
401,경기,재활용 가능자원 분리배출,고철류,고철류,"13,949.5",0,0,"24,465","10,515.5",75.4
402,경기,재활용 가능자원 분리배출,금속캔,금속캔,"11,151.1",0,0,"25,569","14,417.9",129.3
403,경기,재활용 가능자원 분리배출,폐합성수지류,비닐류,"92,924.8",0,0,"119,284.4","26,359.6",28.4
404,경기,재활용 가능자원 분리배출,폐합성수지류,발포수지류,"16,068.1",0,0,"17,657.5","1,589.4",9.9
405,경기,재활용 가능자원 분리배출,폐합성수지류,PET병,"43,791.8",0,0,"46,770.3","2,978.5",6.8
406,경기,재활용 가능자원 분리배출,폐합성수지류,기타,"99,623.9",0,0,"153,051.8","53,427.9",53.6
407,경기,재활용 가능자원 분리배출,폐고무류,폐고무류,67.1,0,0,75,7.9,11.8
408,경기,재활용 가능자원 분리배출,폐유리병류,폐유리병류,"50,447",0,0,"75,023.8","24,576.8",48.7
409,경기,재활용 가능자원 분리배출,폐의류,폐의류,"6,383.7",0,0,"35,089.1","28,705.4",449.7
410,경기,재활용 가능자원 분리배출,폐섬유류,폐섬유류,"7,982.6",0,0,0,"-7,982.6",-100
411,경기,재활용 가능자원 분리배출,조명폐기물,조명폐기물,"2,642.4",0,0,"1,426.6","-1,215.8",-46
412,경기,재활용 가능자원 분리배출,폐전지류,폐전지류,"39,484.5",0,0,"1,677.8","-37,806.7",-95.8
413,경기,재활용 가능자원 분리배출,영농폐기물,농약용기류,100.5,0,0,151.1,50.6,50.3
414,경기,재활용 가능자원 분리배출,영농폐기물,폐비닐,"19,381.3",0,0,"16,576.7","-2,804.6",-14.5
415,경기,재활용 가능자원 분리배출,폐식용유,폐식용유,0,0,0,0,0,0
416,경기,재활용 가능자원 분리배출,폐전기전자제품,폐전기전자제품,"14,769.8",0,0,"18,994.2","4,224.4",28.6
417,경기,재활용 가능자원 분리배출,폐가구류,폐가구류,"87,964.5",0,0,"53,898.9","-34,065.6",-38.7
418,경기,재활용 가능자원 분리배출,기타,기타,"24,446.6",0,0,"27,622.3","3,175.7",13
419,경기,재활용 가능자원 분리배출,재활용 잔재물,재활용 잔재물,"119,092.4",0,0,"105,121.4","-13,971",-11.7
420,경기,음식물류 폐기물 분리배출,음식물류 폐기물 분리배출,음식물류 폐기물 분리배출,"1,151,693.1",0,0,"1,043,729.3","-107,963.8",-9.4
421,강원,합계,합계,합계,"667,683.5",0,0,"638,462.5","-29,221",-4.4
422,강원,종량제방식 등 혼합배출,소계,소계,"369,686.5",0,0,"379,086.9","9,400.4",2.5
423,강원,종량제방식 등 혼합배출,가연성,소계,"276,475.2",0,0,"331,993.8","55,518.6",20.1
424,강원,종량제방식 등 혼합배출,가연성,폐지류,"82,427.7",0,0,"102,523.8","20,096.1",24.4
425,강원,종량제방식 등 혼합배출,가연성,폐합성수지류,"87,570.5",0,0,"97,350.3","9,779.8",11.2
426,강원,종량제방식 등 혼합배출,가연성,폐고무류,"5,664.7",0,0,"4,674.2",-990.5,-17.5
427,강원,종량제방식 등 혼합배출,가연성,폐섬유류,"15,375.4",0,0,"17,111.9","1,736.5",11.3
428,강원,종량제방식 등 혼합배출,가연성,음식물류 폐기물,"16,778.8",0,0,"18,107.1","1,328.3",7.9
429,강원,종량제방식 등 혼합배출,가연성,폐목재류,"21,098.6",0,0,"10,398.6","-10,700",-50.7
430,강원,종량제방식 등 혼합배출,가연성,기타,"47,559.5",0,0,"81,827.9","34,268.4",72.1
431,강원,종량제방식 등 혼합배출,불연성,소계,"85,139.1",0,0,"44,509.6","-40,629.5",-47.7
432,강원,종량제방식 등 혼합배출,불연성,폐금속류,"15,778.4",0,0,"7,198.6","-8,579.8",-54.4
433,강원,종량제방식 등 혼합배출,불연성,폐유리류,"26,986.8",0,0,"10,055.2","-16,931.6",-62.7
434,강원,종량제방식 등 혼합배출,불연성,폐토사류,"4,489",0,0,"2,017.6","-2,471.4",-55.1
435,강원,종량제방식 등 혼합배출,불연성,폐타일 및 도자기류,"3,159.5",0,0,964.7,"-2,194.8",-69.5
436,강원,종량제방식 등 혼합배출,불연성,연탄재,"13,496.6",0,0,"11,436.8","-2,059.8",-15.3
437,강원,종량제방식 등 혼합배출,불연성,기타,"21,228.8",0,0,"12,836.7","-8,392.1",-39.5
438,강원,종량제방식 등 혼합배출,건설폐재류,건설폐재류(공사장생활폐기물),"6,066.8",0,0,"2,577.6","-3,489.2",-57.5
439,강원,종량제방식 등 혼합배출,기타(배출불명등),기타(배출불명등),"2,005.4",0,0,5.9,"-1,999.5",-99.7
440,강원,재활용 가능자원 분리배출,소계,소계,"160,274.2",0,0,"107,752.8","-52,521.4",-32.8
441,강원,재활용 가능자원 분리배출,폐지류,종이팩,944.8,0,0,195.7,-749.1,-79.3
442,강원,재활용 가능자원 분리배출,폐지류,기타,"56,338.8",0,0,"23,891.6","-32,447.2",-57.6
443,강원,재활용 가능자원 분리배출,고철류,고철류,"5,584.5",0,0,"2,082.7","-3,501.8",-62.7
444,강원,재활용 가능자원 분리배출,금속캔,금속캔,"3,922.6",0,0,"2,233.3","-1,689.3",-43.1
445,강원,재활용 가능자원 분리배출,폐합성수지류,비닐류,"4,625.9",0,0,"4,888.7",262.8,5.7
446,강원,재활용 가능자원 분리배출,폐합성수지류,발포수지류,852.3,0,0,876.4,24.1,2.8
447,강원,재활용 가능자원 분리배출,폐합성수지류,PET병,"5,795.9",0,0,"6,181",385.1,6.6
448,강원,재활용 가능자원 분리배출,폐합성수지류,기타,"5,663.2",0,0,"5,275.4",-387.8,-6.8
449,강원,재활용 가능자원 분리배출,폐고무류,폐고무류,0,0,0,0,0,0
450,강원,재활용 가능자원 분리배출,폐유리병류,폐유리병류,"9,156.7",0,0,"7,104.2","-2,052.5",-22.4
451,강원,재활용 가능자원 분리배출,폐의류,폐의류,"6,175.2",0,0,"3,123","-3,052.2",-49.4
452,강원,재활용 가능자원 분리배출,폐섬유류,폐섬유류,0,0,0,0,0,0
453,강원,재활용 가능자원 분리배출,조명폐기물,조명폐기물,89.9,0,0,69.7,-20.2,-22.5
454,강원,재활용 가능자원 분리배출,폐전지류,폐전지류,106.9,0,0,74.1,-32.8,-30.7
455,강원,재활용 가능자원 분리배출,영농폐기물,농약용기류,329.3,0,0,259.3,-70,-21.3
456,강원,재활용 가능자원 분리배출,영농폐기물,폐비닐,"22,957",0,0,"22,393.7",-563.3,-2.5
457,강원,재활용 가능자원 분리배출,폐식용유,폐식용유,0,0,0,0,0,0
458,강원,재활용 가능자원 분리배출,폐전기전자제품,폐전기전자제품,"3,097.6",0,0,"2,324.1",-773.5,-25
459,강원,재활용 가능자원 분리배출,폐가구류,폐가구류,"2,343.1",0,0,"3,512.4","1,169.3",49.9
460,강원,재활용 가능자원 분리배출,기타,기타,"4,723.6",0,0,"1,491.8","-3,231.8",-68.4
461,강원,재활용 가능자원 분리배출,재활용 잔재물,재활용 잔재물,"27,566.9",0,0,"21,775.7","-5,791.2",-21
462,강원,음식물류 폐기물 분리배출,음식물류 폐기물 분리배출,음식물류 폐기물 분리배출,"137,722.8",0,0,"151,622.8","13,900",10.1
463,충북,합계,합계,합계,"659,454.6",0,0,"622,929.5","-36,525.1",-5.5
464,충북,종량제방식 등 혼합배출,소계,소계,"366,827",0,0,"355,360","-11,467",-3.1
465,충북,종량제방식 등 혼합배출,가연성,소계,"287,568.5",0,0,"284,947.5","-2,621",-0.9
466,충북,종량제방식 등 혼합배출,가연성,폐지류,"77,776",0,0,"82,292","4,516",5.8
467,충북,종량제방식 등 혼합배출,가연성,폐합성수지류,"73,971.9",0,0,"77,625.2","3,653.3",4.9
468,충북,종량제방식 등 혼합배출,가연성,폐고무류,"3,868.9",0,0,"4,432.6",563.7,14.6
469,충북,종량제방식 등 혼합배출,가연성,폐섬유류,"11,108.5",0,0,"13,172.9","2,064.4",18.6
470,충북,종량제방식 등 혼합배출,가연성,음식물류 폐기물,"30,066.7",0,0,"30,763.6",696.9,2.3
471,충북,종량제방식 등 혼합배출,가연성,폐목재류,"9,105.8",0,0,"10,351.6","1,245.8",13.7
472,충북,종량제방식 등 혼합배출,가연성,기타,"81,670.7",0,0,"66,309.6","-15,361.1",-18.8
473,충북,종량제방식 등 혼합배출,불연성,소계,"77,427.8",0,0,"66,671.2","-10,756.6",-13.9
474,충북,종량제방식 등 혼합배출,불연성,폐금속류,"6,645.8",0,0,"6,477.5",-168.3,-2.5
475,충북,종량제방식 등 혼합배출,불연성,폐유리류,"11,429.1",0,0,"10,256.2","-1,172.9",-10.3
476,충북,종량제방식 등 혼합배출,불연성,폐토사류,"3,684.7",0,0,"2,990.1",-694.6,-18.9
477,충북,종량제방식 등 혼합배출,불연성,폐타일 및 도자기류,"20,020.2",0,0,"18,381.3","-1,638.9",-8.2
478,충북,종량제방식 등 혼합배출,불연성,연탄재,"6,241.9",0,0,"5,674.2",-567.7,-9.1
479,충북,종량제방식 등 혼합배출,불연성,기타,"29,406.1",0,0,"22,891.9","-6,514.2",-22.2
480,충북,종량제방식 등 혼합배출,건설폐재류,건설폐재류(공사장생활폐기물),"1,830.7",0,0,"3,278.3","1,447.6",79.1
481,충북,종량제방식 등 혼합배출,기타(배출불명등),기타(배출불명등),0,0,0,463,0,0
482,충북,재활용 가능자원 분리배출,소계,소계,"131,454.2",0,0,"121,802.4","-9,651.8",-7.3
483,충북,재활용 가능자원 분리배출,폐지류,종이팩,"1,578.7",0,0,"3,525.9","1,947.2",123.3
484,충북,재활용 가능자원 분리배출,폐지류,기타,"44,757.3",0,0,"37,786.6","-6,970.7",-15.6
485,충북,재활용 가능자원 분리배출,고철류,고철류,"4,134.6",0,0,"2,694.2","-1,440.4",-34.8
486,충북,재활용 가능자원 분리배출,금속캔,금속캔,"4,480.3",0,0,"3,296.1","-1,184.2",-26.4
487,충북,재활용 가능자원 분리배출,폐합성수지류,비닐류,"5,763.6",0,0,"4,329.6","-1,434",-24.9
488,충북,재활용 가능자원 분리배출,폐합성수지류,발포수지류,"1,557.3",0,0,"1,454.5",-102.8,-6.6
489,충북,재활용 가능자원 분리배출,폐합성수지류,PET병,"13,658",0,0,"6,435.7","-7,222.3",-52.9
490,충북,재활용 가능자원 분리배출,폐합성수지류,기타,"2,910.3",0,0,"12,656.2","9,745.9",334.9
491,충북,재활용 가능자원 분리배출,폐고무류,폐고무류,0,0,0,0,0,0
492,충북,재활용 가능자원 분리배출,폐유리병류,폐유리병류,"8,140.7",0,0,"6,798","-1,342.7",-16.5
493,충북,재활용 가능자원 분리배출,폐의류,폐의류,"3,758.3",0,0,"3,843.2",84.9,2.3
494,충북,재활용 가능자원 분리배출,폐섬유류,폐섬유류,0,0,0,0,0,0
495,충북,재활용 가능자원 분리배출,조명폐기물,조명폐기물,70,0,0,73.4,3.4,4.9
496,충북,재활용 가능자원 분리배출,폐전지류,폐전지류,44.8,0,0,63.4,18.6,41.5
497,충북,재활용 가능자원 분리배출,영농폐기물,농약용기류,275,0,0,303.3,28.3,10.3
498,충북,재활용 가능자원 분리배출,영농폐기물,폐비닐,"15,501.3",0,0,"19,501.8","4,000.5",25.8
499,충북,재활용 가능자원 분리배출,폐식용유,폐식용유,0,0,0,0,0,0
500,충북,재활용 가능자원 분리배출,폐전기전자제품,폐전기전자제품,763.2,0,0,"1,607.9",844.7,110.7
501,충북,재활용 가능자원 분리배출,폐가구류,폐가구류,"1,133.4",0,0,514.9,-618.5,-54.6
502,충북,재활용 가능자원 분리배출,기타,기타,"5,474.5",0,0,"1,189.6","-4,284.9",-78.3
503,충북,재활용 가능자원 분리배출,재활용 잔재물,재활용 잔재물,"17,452.9",0,0,"15,728.1","-1,724.8",-9.9
504,충북,음식물류 폐기물 분리배출,음식물류 폐기물 분리배출,음식물류 폐기물 분리배출,"161,173.4",0,0,"145,767.1","-15,406.3",-9.6
505,충남,합계,합계,합계,"766,650.3",0,0,"774,638.5","7,988.2",1
506,충남,종량제방식 등 혼합배출,소계,소계,"432,565.5",0,0,"471,247.4","38,681.9",8.9
507,충남,종량제방식 등 혼합배출,가연성,소계,"369,067.2",0,0,"403,228.9","34,161.7",9.3
508,충남,종량제방식 등 혼합배출,가연성,폐지류,"100,211.7",0,0,"110,524.2","10,312.5",10.3
509,충남,종량제방식 등 혼합배출,가연성,폐합성수지류,"90,065.3",0,0,"106,085.4","16,020.1",17.8
510,충남,종량제방식 등 혼합배출,가연성,폐고무류,"12,942.2",0,0,"11,073.3","-1,868.9",-14.4
511,충남,종량제방식 등 혼합배출,가연성,폐섬유류,"26,958.2",0,0,"33,030.4","6,072.2",22.5
512,충남,종량제방식 등 혼합배출,가연성,음식물류 폐기물,"38,652.9",0,0,"40,402.8","1,749.9",4.5
513,충남,종량제방식 등 혼합배출,가연성,폐목재류,"42,882.2",0,0,"24,434.4","-18,447.8",-43
514,충남,종량제방식 등 혼합배출,가연성,기타,"57,354.7",0,0,"77,678.4","20,323.7",35.4
515,충남,종량제방식 등 혼합배출,불연성,소계,"59,774.2",0,0,"61,212","1,437.8",2.4
516,충남,종량제방식 등 혼합배출,불연성,폐금속류,"13,878.3",0,0,"14,434.7",556.4,4
517,충남,종량제방식 등 혼합배출,불연성,폐유리류,"15,553.2",0,0,"22,349.9","6,796.7",43.7
518,충남,종량제방식 등 혼합배출,불연성,폐토사류,"10,091.5",0,0,"9,604.1",-487.4,-4.8
519,충남,종량제방식 등 혼합배출,불연성,폐타일 및 도자기류,"2,737.1",0,0,"3,123.1",386,14.1
520,충남,종량제방식 등 혼합배출,불연성,연탄재,"3,348.6",0,0,"3,102.4",-246.2,-7.4
521,충남,종량제방식 등 혼합배출,불연성,기타,"14,165.5",0,0,"8,597.8","-5,567.7",-39.3
522,충남,종량제방식 등 혼합배출,건설폐재류,건설폐재류(공사장생활폐기물),"2,922.7",0,0,"4,402.3","1,479.6",50.6
523,충남,종량제방식 등 혼합배출,기타(배출불명등),기타(배출불명등),801.4,0,0,"2,404.2","1,602.8",200
524,충남,재활용 가능자원 분리배출,소계,소계,"135,193.5",0,0,"120,799.3","-14,394.2",-10.6
525,충남,재활용 가능자원 분리배출,폐지류,종이팩,"1,075.8",0,0,478.7,-597.1,-55.5
526,충남,재활용 가능자원 분리배출,폐지류,기타,"49,420.7",0,0,"31,734.4","-17,686.3",-35.8
527,충남,재활용 가능자원 분리배출,고철류,고철류,"7,202.2",0,0,"7,064.2",-138,-1.9
528,충남,재활용 가능자원 분리배출,금속캔,금속캔,"2,398",0,0,"3,015.9",617.9,25.8
529,충남,재활용 가능자원 분리배출,폐합성수지류,비닐류,"3,275.2",0,0,"2,624.4",-650.8,-19.9
530,충남,재활용 가능자원 분리배출,폐합성수지류,발포수지류,"2,304",0,0,"1,973.7",-330.3,-14.3
531,충남,재활용 가능자원 분리배출,폐합성수지류,PET병,"3,873.8",0,0,"4,814.3",940.5,24.3
532,충남,재활용 가능자원 분리배출,폐합성수지류,기타,"11,427.7",0,0,"12,185.9",758.2,6.6
533,충남,재활용 가능자원 분리배출,폐고무류,폐고무류,49.3,0,0,27.8,-21.5,-43.6
534,충남,재활용 가능자원 분리배출,폐유리병류,폐유리병류,"5,555.3",0,0,"6,731.5","1,176.2",21.2
535,충남,재활용 가능자원 분리배출,폐의류,폐의류,"2,237.8",0,0,"2,121.4",-116.4,-5.2
536,충남,재활용 가능자원 분리배출,폐섬유류,폐섬유류,82,0,0,29.6,-52.4,-63.9
537,충남,재활용 가능자원 분리배출,조명폐기물,조명폐기물,263.1,0,0,197.7,-65.4,-24.9
538,충남,재활용 가능자원 분리배출,폐전지류,폐전지류,191.4,0,0,147.5,-43.9,-22.9
539,충남,재활용 가능자원 분리배출,영농폐기물,농약용기류,340.6,0,0,834.8,494.2,145.1
540,충남,재활용 가능자원 분리배출,영농폐기물,폐비닐,"17,229.5",0,0,"18,246.7","1,017.2",5.9
541,충남,재활용 가능자원 분리배출,폐식용유,폐식용유,35,0,0,0,-35,-100
542,충남,재활용 가능자원 분리배출,폐전기전자제품,폐전기전자제품,"2,274.6",0,0,"3,558.3","1,283.7",56.4
543,충남,재활용 가능자원 분리배출,폐가구류,폐가구류,"1,278.7",0,0,300,-978.7,-76.5
544,충남,재활용 가능자원 분리배출,기타,기타,756.2,0,0,601.1,-155.1,-20.5
545,충남,재활용 가능자원 분리배출,재활용 잔재물,재활용 잔재물,"23,922.6",0,0,"24,111.4",188.8,0.8
546,충남,음식물류 폐기물 분리배출,음식물류 폐기물 분리배출,음식물류 폐기물 분리배출,"198,891.3",0,0,"182,591.8","-16,299.5",-8.2
547,전북,합계,합계,합계,"612,062.9",0,0,"629,715.5","17,652.6",2.9
548,전북,종량제방식 등 혼합배출,소계,소계,"284,949.4",0,0,"307,251.2","22,301.8",7.8
549,전북,종량제방식 등 혼합배출,가연성,소계,"257,304.7",0,0,"257,430.7",126,0
550,전북,종량제방식 등 혼합배출,가연성,폐지류,"77,264.1",0,0,"72,949","-4,315.1",-5.6
551,전북,종량제방식 등 혼합배출,가연성,폐합성수지류,"67,093.4",0,0,"70,234.7","3,141.3",4.7
552,전북,종량제방식 등 혼합배출,가연성,폐고무류,"2,927",0,0,"2,800.5",-126.5,-4.3
553,전북,종량제방식 등 혼합배출,가연성,폐섬유류,"13,098",0,0,"18,195.2","5,097.2",38.9
554,전북,종량제방식 등 혼합배출,가연성,음식물류 폐기물,"15,233.5",0,0,"11,890","-3,343.5",-21.9
555,전북,종량제방식 등 혼합배출,가연성,폐목재류,"6,835.1",0,0,"23,862.6","17,027.5",249.1
556,전북,종량제방식 등 혼합배출,가연성,기타,"74,853.6",0,0,"57,498.7","-17,354.9",-23.2
557,전북,종량제방식 등 혼합배출,불연성,소계,"27,485.4",0,0,"49,677.6","22,192.2",80.7
558,전북,종량제방식 등 혼합배출,불연성,폐금속류,"7,409.8",0,0,"10,964.8","3,555",48
559,전북,종량제방식 등 혼합배출,불연성,폐유리류,"10,972.9",0,0,"15,426.1","4,453.2",40.6
560,전북,종량제방식 등 혼합배출,불연성,폐토사류,"1,314.8",0,0,"1,564.1",249.3,19
561,전북,종량제방식 등 혼합배출,불연성,폐타일 및 도자기류,739.8,0,0,705.8,-34,-4.6
562,전북,종량제방식 등 혼합배출,불연성,연탄재,"1,985.3",0,0,"1,376.4",-608.9,-30.7
563,전북,종량제방식 등 혼합배출,불연성,기타,"5,062.8",0,0,"19,640.4","14,577.6",287.9
564,전북,종량제방식 등 혼합배출,건설폐재류,건설폐재류(공사장생활폐기물),92.9,0,0,94.5,1.6,1.7
565,전북,종량제방식 등 혼합배출,기타(배출불명등),기타(배출불명등),66.4,0,0,48.4,-18,-27.1
566,전북,재활용 가능자원 분리배출,소계,소계,"105,407.6",0,0,"110,798.8","5,391.2",5.1
567,전북,재활용 가능자원 분리배출,폐지류,종이팩,"2,182.2",0,0,"3,552.9","1,370.7",62.8
568,전북,재활용 가능자원 분리배출,폐지류,기타,"6,956.4",0,0,"20,911.4","13,955",200.6
569,전북,재활용 가능자원 분리배출,고철류,고철류,"15,666.1",0,0,"1,703.5","-13,962.6",-89.1
570,전북,재활용 가능자원 분리배출,금속캔,금속캔,"1,383.4",0,0,"1,847.6",464.2,33.6
571,전북,재활용 가능자원 분리배출,폐합성수지류,비닐류,"3,109.8",0,0,"3,943.5",833.7,26.8
572,전북,재활용 가능자원 분리배출,폐합성수지류,발포수지류,"1,970.7",0,0,"1,707.1",-263.6,-13.4
573,전북,재활용 가능자원 분리배출,폐합성수지류,PET병,"7,864.5",0,0,"7,124.7",-739.8,-9.4
574,전북,재활용 가능자원 분리배출,폐합성수지류,기타,"2,502.9",0,0,"3,308.3",805.4,32.2
575,전북,재활용 가능자원 분리배출,폐고무류,폐고무류,787.2,0,0,102.3,-684.9,-87
576,전북,재활용 가능자원 분리배출,폐유리병류,폐유리병류,"7,749.2",0,0,"7,598.3",-150.9,-1.9
577,전북,재활용 가능자원 분리배출,폐의류,폐의류,200,0,0,"2,067.1","1,867.1",933.6
578,전북,재활용 가능자원 분리배출,폐섬유류,폐섬유류,11.9,0,0,0,-11.9,-100
579,전북,재활용 가능자원 분리배출,조명폐기물,조명폐기물,286.4,0,0,278.3,-8.1,-2.8
580,전북,재활용 가능자원 분리배출,폐전지류,폐전지류,156.9,0,0,149.4,-7.5,-4.8
581,전북,재활용 가능자원 분리배출,영농폐기물,농약용기류,690,0,0,485.3,-204.7,-29.7
582,전북,재활용 가능자원 분리배출,영농폐기물,폐비닐,"13,447.6",0,0,"22,816","9,368.4",69.7
583,전북,재활용 가능자원 분리배출,폐식용유,폐식용유,131.3,0,0,4,-127.3,-97
584,전북,재활용 가능자원 분리배출,폐전기전자제품,폐전기전자제품,"1,413.8",0,0,"2,120.1",706.3,50
585,전북,재활용 가능자원 분리배출,폐가구류,폐가구류,414.6,0,0,"1,017.2",602.6,145.3
586,전북,재활용 가능자원 분리배출,기타,기타,"1,501.9",0,0,"2,219",717.1,47.7
587,전북,재활용 가능자원 분리배출,재활용 잔재물,재활용 잔재물,"36,980.8",0,0,"27,842.8","-9,138",-24.7
588,전북,음식물류 폐기물 분리배출,음식물류 폐기물 분리배출,음식물류 폐기물 분리배출,"221,705.9",0,0,"211,665.5","-10,040.4",-4.5
589,전남,합계,합계,합계,"650,020.5",0,0,"650,360",339.5,0.1
590,전남,종량제방식 등 혼합배출,소계,소계,"367,104.8",0,0,"343,309.4","-23,795.4",-6.5
591,전남,종량제방식 등 혼합배출,가연성,소계,"333,564.7",0,0,"306,137.2","-27,427.5",-8.2
592,전남,종량제방식 등 혼합배출,가연성,폐지류,"109,804.3",0,0,"81,263.1","-28,541.2",-26
593,전남,종량제방식 등 혼합배출,가연성,폐합성수지류,"85,776.2",0,0,"68,499.1","-17,277.1",-20.1
594,전남,종량제방식 등 혼합배출,가연성,폐고무류,"5,741",0,0,"4,928.9",-812.1,-14.1
595,전남,종량제방식 등 혼합배출,가연성,폐섬유류,"19,868.8",0,0,"19,794.7",-74.1,-0.4
596,전남,종량제방식 등 혼합배출,가연성,음식물류 폐기물,"23,935",0,0,"65,546.5","41,611.5",173.9
597,전남,종량제방식 등 혼합배출,가연성,폐목재류,"9,805.4",0,0,"11,820.1","2,014.7",20.5
598,전남,종량제방식 등 혼합배출,가연성,기타,"78,634",0,0,"54,284.8","-24,349.2",-31
599,전남,종량제방식 등 혼합배출,불연성,소계,"31,985",0,0,"36,684.9","4,699.9",14.7
600,전남,종량제방식 등 혼합배출,불연성,폐금속류,"9,148.3",0,0,"8,163.6",-984.7,-10.8
601,전남,종량제방식 등 혼합배출,불연성,폐유리류,"11,433.9",0,0,"9,265.9","-2,168",-19
602,전남,종량제방식 등 혼합배출,불연성,폐토사류,"2,057.7",0,0,"1,731.8",-325.9,-15.8
603,전남,종량제방식 등 혼합배출,불연성,폐타일 및 도자기류,718.3,0,0,797.7,79.4,11.1
604,전남,종량제방식 등 혼합배출,불연성,연탄재,"1,592.4",0,0,771.2,-821.2,-51.6
605,전남,종량제방식 등 혼합배출,불연성,기타,"7,034.4",0,0,"15,954.7","8,920.3",126.8
606,전남,종량제방식 등 혼합배출,건설폐재류,건설폐재류(공사장생활폐기물),144.4,0,0,230,85.6,59.3
607,전남,종량제방식 등 혼합배출,기타(배출불명등),기타(배출불명등),"1,410.7",0,0,257.3,"-1,153.4",-81.8
608,전남,재활용 가능자원 분리배출,소계,소계,"88,980.2",0,0,"110,916.7","21,936.5",24.7
609,전남,재활용 가능자원 분리배출,폐지류,종이팩,914.1,0,0,"3,642.4","2,728.3",298.5
610,전남,재활용 가능자원 분리배출,폐지류,기타,"10,524.4",0,0,"22,920.6","12,396.2",117.8
611,전남,재활용 가능자원 분리배출,고철류,고철류,"2,225.3",0,0,"1,899.9",-325.4,-14.6
612,전남,재활용 가능자원 분리배출,금속캔,금속캔,"1,519.7",0,0,"2,328",808.3,53.2
613,전남,재활용 가능자원 분리배출,폐합성수지류,비닐류,"5,604.5",0,0,"3,941.2","-1,663.3",-29.7
614,전남,재활용 가능자원 분리배출,폐합성수지류,발포수지류,664.6,0,0,"2,067.3","1,402.7",211.1
615,전남,재활용 가능자원 분리배출,폐합성수지류,PET병,"3,164.7",0,0,"5,241.6","2,076.9",65.6
616,전남,재활용 가능자원 분리배출,폐합성수지류,기타,"2,748",0,0,"6,174.1","3,426.1",124.7
617,전남,재활용 가능자원 분리배출,폐고무류,폐고무류,88.1,0,0,48.7,-39.4,-44.7
618,전남,재활용 가능자원 분리배출,폐유리병류,폐유리병류,"4,048",0,0,"5,494.4","1,446.4",35.7
619,전남,재활용 가능자원 분리배출,폐의류,폐의류,816.5,0,0,"2,143.3","1,326.8",162.5
620,전남,재활용 가능자원 분리배출,폐섬유류,폐섬유류,26,0,0,27,1,3.8
621,전남,재활용 가능자원 분리배출,조명폐기물,조명폐기물,429.1,0,0,490.4,61.3,14.3
622,전남,재활용 가능자원 분리배출,폐전지류,폐전지류,122.7,0,0,125,2.3,1.9
623,전남,재활용 가능자원 분리배출,영농폐기물,농약용기류,364.9,0,0,"1,218.9",854,234
624,전남,재활용 가능자원 분리배출,영농폐기물,폐비닐,"28,297.9",0,0,"35,025.3","6,727.4",23.8
625,전남,재활용 가능자원 분리배출,폐식용유,폐식용유,27,0,0,26,-1,-3.7
626,전남,재활용 가능자원 분리배출,폐전기전자제품,폐전기전자제품,"3,411",0,0,"2,646.9",-764.1,-22.4
627,전남,재활용 가능자원 분리배출,폐가구류,폐가구류,117.5,0,0,"4,659.8","4,542.3","3,865.8"
628,전남,재활용 가능자원 분리배출,기타,기타,"15,049.5",0,0,652.7,"-14,396.8",-95.7
629,전남,재활용 가능자원 분리배출,재활용 잔재물,재활용 잔재물,"8,816.7",0,0,"10,143.2","1,326.5",15
630,전남,음식물류 폐기물 분리배출,음식물류 폐기물 분리배출,음식물류 폐기물 분리배출,"193,935.5",0,0,"196,133.9","2,198.4",1.1
631,경북,합계,합계,합계,"903,107.9",0,0,"968,655.9","65,548",7.3
632,경북,종량제방식 등 혼합배출,소계,소계,"570,302.7",0,0,"598,750.4","28,447.7",5
633,경북,종량제방식 등 혼합배출,가연성,소계,"481,027.7",0,0,"436,173.2","-44,854.5",-9.3
634,경북,종량제방식 등 혼합배출,가연성,폐지류,"125,295.4",0,0,"126,099.9",804.5,0.6
635,경북,종량제방식 등 혼합배출,가연성,폐합성수지류,"126,873.2",0,0,"127,672.1",798.9,0.6
636,경북,종량제방식 등 혼합배출,가연성,폐고무류,"7,332.8",0,0,"8,012.1",679.3,9.3
637,경북,종량제방식 등 혼합배출,가연성,폐섬유류,"24,764.1",0,0,"20,116.9","-4,647.2",-18.8
638,경북,종량제방식 등 혼합배출,가연성,음식물류 폐기물,"34,820.9",0,0,"27,772.5","-7,048.4",-20.2
639,경북,종량제방식 등 혼합배출,가연성,폐목재류,"30,612.6",0,0,"41,652.2","11,039.6",36.1
640,경북,종량제방식 등 혼합배출,가연성,기타,"131,328.7",0,0,"84,847.5","-46,481.2",-35.4
641,경북,종량제방식 등 혼합배출,불연성,소계,"67,055",0,0,"140,181.7","73,126.7",109.1
642,경북,종량제방식 등 혼합배출,불연성,폐금속류,"10,383",0,0,"28,167.1","17,784.1",171.3
643,경북,종량제방식 등 혼합배출,불연성,폐유리류,"16,773.4",0,0,"36,998","20,224.6",120.6
644,경북,종량제방식 등 혼합배출,불연성,폐토사류,"8,266.2",0,0,"22,958.2","14,692",177.7
645,경북,종량제방식 등 혼합배출,불연성,폐타일 및 도자기류,"3,224.1",0,0,"3,801.9",577.8,17.9
646,경북,종량제방식 등 혼합배출,불연성,연탄재,"2,869.7",0,0,"5,858.3","2,988.6",104.1
647,경북,종량제방식 등 혼합배출,불연성,기타,"25,538.6",0,0,"42,398.2","16,859.6",66
648,경북,종량제방식 등 혼합배출,건설폐재류,건설폐재류(공사장생활폐기물),"14,247.4",0,0,"9,623.6","-4,623.8",-32.5
649,경북,종량제방식 등 혼합배출,기타(배출불명등),기타(배출불명등),"7,972.6",0,0,"12,771.9","4,799.3",60.2
650,경북,재활용 가능자원 분리배출,소계,소계,"108,748.2",0,0,"132,212.2","23,464",21.6
651,경북,재활용 가능자원 분리배출,폐지류,종이팩,701.1,0,0,292.8,-408.3,-58.2
652,경북,재활용 가능자원 분리배출,폐지류,기타,"20,241",0,0,"27,032.1","6,791.1",33.6
653,경북,재활용 가능자원 분리배출,고철류,고철류,"2,405.5",0,0,"2,118.3",-287.2,-11.9
654,경북,재활용 가능자원 분리배출,금속캔,금속캔,"2,085.1",0,0,"2,528.6",443.5,21.3
655,경북,재활용 가능자원 분리배출,폐합성수지류,비닐류,"2,414.1",0,0,"2,193.4",-220.7,-9.1
656,경북,재활용 가능자원 분리배출,폐합성수지류,발포수지류,"1,174.1",0,0,"1,372.7",198.6,16.9
657,경북,재활용 가능자원 분리배출,폐합성수지류,PET병,"8,962.5",0,0,"7,958.1","-1,004.4",-11.2
658,경북,재활용 가능자원 분리배출,폐합성수지류,기타,"6,699.7",0,0,"7,850.5","1,150.8",17.2
659,경북,재활용 가능자원 분리배출,폐고무류,폐고무류,9.4,0,0,121.9,112.5,"1,196.8"
660,경북,재활용 가능자원 분리배출,폐유리병류,폐유리병류,"9,018.3",0,0,"9,287.4",269.1,3
661,경북,재활용 가능자원 분리배출,폐의류,폐의류,552,0,0,"2,640.7","2,088.7",378.4
662,경북,재활용 가능자원 분리배출,폐섬유류,폐섬유류,0,0,0,"1,494.9",0,0
663,경북,재활용 가능자원 분리배출,조명폐기물,조명폐기물,195.9,0,0,145,-50.9,-26
664,경북,재활용 가능자원 분리배출,폐전지류,폐전지류,227.4,0,0,145.8,-81.6,-35.9
665,경북,재활용 가능자원 분리배출,영농폐기물,농약용기류,456.1,0,0,862.3,406.2,89.1
666,경북,재활용 가능자원 분리배출,영농폐기물,폐비닐,"22,943.3",0,0,"37,158.2","14,214.9",62
667,경북,재활용 가능자원 분리배출,폐식용유,폐식용유,13.5,0,0,13.7,0.2,1.5
668,경북,재활용 가능자원 분리배출,폐전기전자제품,폐전기전자제품,"4,855.4",0,0,"4,611.2",-244.2,-5
669,경북,재활용 가능자원 분리배출,폐가구류,폐가구류,"2,525.2",0,0,"2,429.8",-95.4,-3.8
670,경북,재활용 가능자원 분리배출,기타,기타,868.7,0,0,"2,825.5","1,956.8",225.3
671,경북,재활용 가능자원 분리배출,재활용 잔재물,재활용 잔재물,"22,399.9",0,0,"19,129.3","-3,270.6",-14.6
672,경북,음식물류 폐기물 분리배출,음식물류 폐기물 분리배출,음식물류 폐기물 분리배출,"224,057",0,0,"237,693.3","13,636.3",6.1
673,경남,합계,합계,합계,"1,270,196.9",0,0,"1,224,390.6","-45,806.3",-3.6
674,경남,종량제방식 등 혼합배출,소계,소계,"607,891.1",0,0,"580,754","-27,137.1",-4.5
675,경남,종량제방식 등 혼합배출,가연성,소계,"473,850.5",0,0,"453,706","-20,144.5",-4.3
676,경남,종량제방식 등 혼합배출,가연성,폐지류,"104,618.3",0,0,"153,666","49,047.7",46.9
677,경남,종량제방식 등 혼합배출,가연성,폐합성수지류,"87,379.5",0,0,"113,996.5","26,617",30.5
678,경남,종량제방식 등 혼합배출,가연성,폐고무류,"6,140.7",0,0,"10,788.3","4,647.6",75.7
679,경남,종량제방식 등 혼합배출,가연성,폐섬유류,"26,260.3",0,0,"30,810.6","4,550.3",17.3
680,경남,종량제방식 등 혼합배출,가연성,음식물류 폐기물,"31,417.2",0,0,"46,829.9","15,412.7",49.1
681,경남,종량제방식 등 혼합배출,가연성,폐목재류,"27,205.9",0,0,"38,442.5","11,236.6",41.3
682,경남,종량제방식 등 혼합배출,가연성,기타,"190,828.6",0,0,"59,172.2","-131,656.4",-69
683,경남,종량제방식 등 혼합배출,불연성,소계,"87,657.2",0,0,"85,838.6","-1,818.6",-2.1
684,경남,종량제방식 등 혼합배출,불연성,폐금속류,"14,705.7",0,0,"22,594.8","7,889.1",53.6
685,경남,종량제방식 등 혼합배출,불연성,폐유리류,"23,543.4",0,0,"27,261.1","3,717.7",15.8
686,경남,종량제방식 등 혼합배출,불연성,폐토사류,"6,008.3",0,0,"5,982.2",-26.1,-0.4
687,경남,종량제방식 등 혼합배출,불연성,폐타일 및 도자기류,"6,215.1",0,0,"5,022.8","-1,192.3",-19.2
688,경남,종량제방식 등 혼합배출,불연성,연탄재,"1,438.2",0,0,"1,786.9",348.7,24.2
689,경남,종량제방식 등 혼합배출,불연성,기타,"35,746.5",0,0,"23,190.8","-12,555.7",-35.1
690,경남,종량제방식 등 혼합배출,건설폐재류,건설폐재류(공사장생활폐기물),"25,103.4",0,0,"22,091.7","-3,011.7",-12
691,경남,종량제방식 등 혼합배출,기타(배출불명등),기타(배출불명등),"21,280",0,0,"19,117.7","-2,162.3",-10.2
692,경남,재활용 가능자원 분리배출,소계,소계,"353,707.6",0,0,"344,750.4","-8,957.2",-2.5
693,경남,재활용 가능자원 분리배출,폐지류,종이팩,"6,512.5",0,0,"1,103.6","-5,408.9",-83.1
694,경남,재활용 가능자원 분리배출,폐지류,기타,"84,312.5",0,0,"127,593.2","43,280.7",51.3
695,경남,재활용 가능자원 분리배출,고철류,고철류,"36,605.4",0,0,"15,639.4","-20,966",-57.3
696,경남,재활용 가능자원 분리배출,금속캔,금속캔,"12,505.4",0,0,"6,629.6","-5,875.8",-47
697,경남,재활용 가능자원 분리배출,폐합성수지류,비닐류,"21,012",0,0,"21,652.6",640.6,3
698,경남,재활용 가능자원 분리배출,폐합성수지류,발포수지류,"6,252.3",0,0,"3,548.4","-2,703.9",-43.2
699,경남,재활용 가능자원 분리배출,폐합성수지류,PET병,"22,636.2",0,0,"14,871.4","-7,764.8",-34.3
700,경남,재활용 가능자원 분리배출,폐합성수지류,기타,"23,530",0,0,"26,991.1","3,461.1",14.7
701,경남,재활용 가능자원 분리배출,폐고무류,폐고무류,"8,344.1",0,0,"5,873.3","-2,470.8",-29.6
702,경남,재활용 가능자원 분리배출,폐유리병류,폐유리병류,"21,168.9",0,0,"19,110.4","-2,058.5",-9.7
703,경남,재활용 가능자원 분리배출,폐의류,폐의류,"4,169.1",0,0,"9,188.1","5,019",120.4
704,경남,재활용 가능자원 분리배출,폐섬유류,폐섬유류,25.2,0,0,21.8,-3.4,-13.5
705,경남,재활용 가능자원 분리배출,조명폐기물,조명폐기물,221.5,0,0,317.2,95.7,43.2
706,경남,재활용 가능자원 분리배출,폐전지류,폐전지류,184.4,0,0,234.3,49.9,27.1
707,경남,재활용 가능자원 분리배출,영농폐기물,농약용기류,293.4,0,0,671.9,378.5,129
708,경남,재활용 가능자원 분리배출,영농폐기물,폐비닐,"18,288.9",0,0,"20,996.4","2,707.5",14.8
709,경남,재활용 가능자원 분리배출,폐식용유,폐식용유,220,0,0,313,93,42.3
710,경남,재활용 가능자원 분리배출,폐전기전자제품,폐전기전자제품,"4,131.6",0,0,"8,456.3","4,324.7",104.7
711,경남,재활용 가능자원 분리배출,폐가구류,폐가구류,"17,822.5",0,0,"18,043.2",220.7,1.2
712,경남,재활용 가능자원 분리배출,기타,기타,"30,607.4",0,0,"2,978.1","-27,629.3",-90.3
713,경남,재활용 가능자원 분리배출,재활용 잔재물,재활용 잔재물,"34,864.3",0,0,"40,517.1","5,652.8",16.2
714,경남,음식물류 폐기물 분리배출,음식물류 폐기물 분리배출,음식물류 폐기물 분리배출,"308,598.2",0,0,"298,886.2","-9,712",-3.1
715,제주,합계,합계,합계,"417,739.7",0,0,"412,385.5","-5,354.2",-1.3
716,제주,종량제방식 등 혼합배출,소계,소계,"142,844.3",0,0,"134,845.2","-7,999.1",-5.6
717,제주,종량제방식 등 혼합배출,가연성,소계,"129,645.1",0,0,"121,715.3","-7,929.8",-6.1
718,제주,종량제방식 등 혼합배출,가연성,폐지류,"40,450.6",0,0,"36,929","-3,521.6",-8.7
719,제주,종량제방식 등 혼합배출,가연성,폐합성수지류,"31,938.1",0,0,"32,604.9",666.8,2.1
720,제주,종량제방식 등 혼합배출,가연성,폐고무류,"1,419.2",0,0,"1,567",147.8,10.4
721,제주,종량제방식 등 혼합배출,가연성,폐섬유류,"5,695.7",0,0,"10,699.3","5,003.6",87.8
722,제주,종량제방식 등 혼합배출,가연성,음식물류 폐기물,"7,577.9",0,0,"9,543.3","1,965.4",25.9
723,제주,종량제방식 등 혼합배출,가연성,폐목재류,"3,946.3",0,0,"13,079","9,132.7",231.4
724,제주,종량제방식 등 혼합배출,가연성,기타,"38,617.3",0,0,"17,292.8","-21,324.5",-55.2
725,제주,종량제방식 등 혼합배출,불연성,소계,"10,262.3",0,0,"9,861.7",-400.6,-3.9
726,제주,종량제방식 등 혼합배출,불연성,폐금속류,"2,839.8",0,0,"1,316.6","-1,523.2",-53.6
727,제주,종량제방식 등 혼합배출,불연성,폐유리류,"4,623.5",0,0,"2,214.1","-2,409.4",-52.1
728,제주,종량제방식 등 혼합배출,불연성,폐토사류,428.5,0,0,0,-428.5,-100
729,제주,종량제방식 등 혼합배출,불연성,폐타일 및 도자기류,188,0,0,0,-188,-100
730,제주,종량제방식 등 혼합배출,불연성,연탄재,966.3,0,0,0,-966.3,-100
731,제주,종량제방식 등 혼합배출,불연성,기타,"1,216.2",0,0,"6,331","5,114.8",420.6
732,제주,종량제방식 등 혼합배출,건설폐재류,건설폐재류(공사장생활폐기물),"2,936.9",0,0,"3,268.2",331.3,11.3
733,제주,종량제방식 등 혼합배출,기타(배출불명등),기타(배출불명등),0,0,0,0,0,0
734,제주,재활용 가능자원 분리배출,소계,소계,"193,663.2",0,0,"193,669",5.8,0
735,제주,재활용 가능자원 분리배출,폐지류,종이팩,396.7,0,0,98.4,-298.3,-75.2
736,제주,재활용 가능자원 분리배출,폐지류,기타,"75,355.8",0,0,"81,842.7","6,486.9",8.6
737,제주,재활용 가능자원 분리배출,고철류,고철류,"46,710.6",0,0,"62,409.9","15,699.3",33.6
738,제주,재활용 가능자원 분리배출,금속캔,금속캔,"5,553.5",0,0,"2,940.3","-2,613.2",-47.1
739,제주,재활용 가능자원 분리배출,폐합성수지류,비닐류,"4,695.9",0,0,"3,813.7",-882.2,-18.8
740,제주,재활용 가능자원 분리배출,폐합성수지류,발포수지류,580.8,0,0,"1,337.5",756.7,130.3
741,제주,재활용 가능자원 분리배출,폐합성수지류,PET병,"4,202.1",0,0,"4,275.3",73.2,1.7
742,제주,재활용 가능자원 분리배출,폐합성수지류,기타,"5,009.5",0,0,"6,233.9","1,224.4",24.4
743,제주,재활용 가능자원 분리배출,폐고무류,폐고무류,0,0,0,0,0,0
744,제주,재활용 가능자원 분리배출,폐유리병류,폐유리병류,"9,082.1",0,0,"6,920.9","-2,161.2",-23.8
745,제주,재활용 가능자원 분리배출,폐의류,폐의류,68,0,0,"1,389.5","1,321.5","1,943.4"
746,제주,재활용 가능자원 분리배출,폐섬유류,폐섬유류,0,0,0,0,0,0
747,제주,재활용 가능자원 분리배출,조명폐기물,조명폐기물,82.7,0,0,154.9,72.2,87.3
748,제주,재활용 가능자원 분리배출,폐전지류,폐전지류,50.4,0,0,79.4,29,57.5
749,제주,재활용 가능자원 분리배출,영농폐기물,농약용기류,176.7,0,0,348.4,171.7,97.2
750,제주,재활용 가능자원 분리배출,영농폐기물,폐비닐,"5,556.2",0,0,"5,999.7",443.5,8
751,제주,재활용 가능자원 분리배출,폐식용유,폐식용유,0,0,0,0,0,0
752,제주,재활용 가능자원 분리배출,폐전기전자제품,폐전기전자제품,"5,676",0,0,"7,146.5","1,470.5",25.9
753,제주,재활용 가능자원 분리배출,폐가구류,폐가구류,0,0,0,0,0,0
754,제주,재활용 가능자원 분리배출,기타,기타,"17,468.9",0,0,275,"-17,193.9",-98.4
755,제주,재활용 가능자원 분리배출,재활용 잔재물,재활용 잔재물,"12,997.3",0,0,"8,403","-4,594.3",-35.3
756,제주,음식물류 폐기물 분리배출,음식물류 폐기물 분리배출,음식물류 폐기물 분리배출,"81,232.2",0,0,"83,871.3","2,639.1",3.2
"    환경부 자원순환국 자원순환정책과
한국환경공단 자원순환본부 자원순환처 자원순환통계부
",,,,,,,,,,
